species.name,dataset,dataset.name,Sub.Activity,UID,Consequence.Score
Estuaries,eco_areas_estuaries_polygons_d,estuaries,BeachSeeding,hu_aq_shellfishaquaculture_beachseeding_d,Negligible
Brandt's cormorant,eco_birds_brandtscormorant_colonies_d,brandtscormorant,BeachSeeding,hu_aq_shellfishaquaculture_beachseeding_d,Potential
Unspecified Cormorant  ,eco_birds_cormorant_density_m,cormorant,BeachSeeding,hu_aq_shellfishaquaculture_beachseeding_d,Potential
Unspecified Cormorant  ,eco_birds_cormorant_densitywinter_m,cormorant,BeachSeeding,hu_aq_shellfishaquaculture_beachseeding_d,Potential
Marbled Murrelet,eco_birds_mamu_density_d,mamu,BeachSeeding,hu_aq_shellfishaquaculture_beachseeding_d,Potential
Marbled Murrelet,eco_birds_mamu_densitywinter_d,mamu,BeachSeeding,hu_aq_shellfishaquaculture_beachseeding_d,Potential
Pelagic cormorant,eco_birds_pelagiccormorant_colonies_d,pelagiccormorant,BeachSeeding,hu_aq_shellfishaquaculture_beachseeding_d,Potential
Bottom Patches,eco_coarse_bottompatches_polygonssoft_d,bottompatches,BeachSeeding,hu_aq_shellfishaquaculture_beachseeding_d,Potential
Butter clams,eco_inverts_clambutter_records_d,clambutter,BeachSeeding,hu_aq_shellfishaquaculture_beachseeding_d,Negligible
Horse clam,eco_inverts_clamhorse_records_d,clamhorse,BeachSeeding,hu_aq_shellfishaquaculture_beachseeding_d,Negligible
Littleneck clam,eco_inverts_clamlittleneck_records_d,clamlittleneck,BeachSeeding,hu_aq_shellfishaquaculture_beachseeding_d,Potential
Razor clam,eco_inverts_clamrazor_ia_d,clamrazor,BeachSeeding,hu_aq_shellfishaquaculture_beachseeding_d,Potential
Cockles,eco_inverts_cockle_records_d,cockle,BeachSeeding,hu_aq_shellfishaquaculture_beachseeding_d,Potential
Geoduck,eco_inverts_geoduck_records_d,geoduck,BeachSeeding,hu_aq_shellfishaquaculture_beachseeding_d,Negligible
Phytoplankton,eco_plants_chlorophylla_bloom_d,chlorophylla,BeachSeeding,hu_aq_shellfishaquaculture_beachseeding_d,Potential
Phytoplankton,eco_plants_chlorophylla_concentration_d,chlorophylla,BeachSeeding,hu_aq_shellfishaquaculture_beachseeding_d,Potential
Eelgrass,eco_plants_eelgrass_biobands_d,eelgrass,BeachSeeding,hu_aq_shellfishaquaculture_beachseeding_d,Potential
Eelgrass,eco_plants_eelgrass_polygons_d,eelgrass,BeachSeeding,hu_aq_shellfishaquaculture_beachseeding_d,Potential
Eelgrass,eco_plants_eelgrass_prioritypolygons_d,eelgrass,BeachSeeding,hu_aq_shellfishaquaculture_beachseeding_d,Potential
Surfgrass,eco_plants_surfgrass_biobands_d,surfgrass,BeachSeeding,hu_aq_shellfishaquaculture_beachseeding_d,Negligible
Ancient Murrelet,eco_birds_ancientmurrelet_colonies_d,ancientmurrelet,BoatBasedCommWild,hu_re_boatbasedcommercialwildlifeviewing_boatbasedcommwild_d,Potential
Black Oystercatcher,eco_birds_blackoystercatcher_nestingsites_d,blackoystercatcher,BoatBasedCommWild,hu_re_boatbasedcommercialwildlifeviewing_boatbasedcommwild_d,Potential
Brandt's cormorant,eco_birds_brandtscormorant_colonies_d,brandtscormorant,BoatBasedCommWild,hu_re_boatbasedcommercialwildlifeviewing_boatbasedcommwild_d,Potential
Cassin's Auklet,eco_birds_cassinsauklet_colonies_d,cassinsauklet,BoatBasedCommWild,hu_re_boatbasedcommercialwildlifeviewing_boatbasedcommwild_d,Potential
Common Murre,eco_birds_commonmurre_colonies_d,commonmurre,BoatBasedCommWild,hu_re_boatbasedcommercialwildlifeviewing_boatbasedcommwild_d,Potential
Pelagic Cormorant,eco_birds_cormorant_density_m,cormorant,BoatBasedCommWild,hu_re_boatbasedcommercialwildlifeviewing_boatbasedcommwild_d,Potential
Pelagic Cormorant,eco_birds_cormorant_densitywinter_m,cormorant,BoatBasedCommWild,hu_re_boatbasedcommercialwildlifeviewing_boatbasedcommwild_d,Potential
Goose/Swan,eco_birds_gooseswan_density_m,gooseswan,BoatBasedCommWild,hu_re_boatbasedcommercialwildlifeviewing_boatbasedcommwild_d,Potential
Goose/Swan,eco_birds_gooseswan_densitywinter_m,gooseswan,BoatBasedCommWild,hu_re_boatbasedcommercialwildlifeviewing_boatbasedcommwild_d,Potential
Great Blue Heron,eco_birds_heron_densitywinter_m,heron,BoatBasedCommWild,hu_re_boatbasedcommercialwildlifeviewing_boatbasedcommwild_d,Potential
Great Blue Heron,eco_birds_heron_nestsforaging_m,heron,BoatBasedCommWild,hu_re_boatbasedcommercialwildlifeviewing_boatbasedcommwild_d,Potential
Horned Puffin,eco_birds_hornedpuffin_colonies_d,hornedpuffin,BoatBasedCommWild,hu_re_boatbasedcommercialwildlifeviewing_boatbasedcommwild_d,Potential
Loon/Grebe,eco_birds_loongrebe_density_d,loongrebe,BoatBasedCommWild,hu_re_boatbasedcommercialwildlifeviewing_boatbasedcommwild_d,Potential
Loon/Grebe,eco_birds_loongrebe_densitywinter_d,loongrebe,BoatBasedCommWild,hu_re_boatbasedcommercialwildlifeviewing_boatbasedcommwild_d,Potential
Marbled Murrelet,eco_birds_mamu_density_d,mamu,BoatBasedCommWild,hu_re_boatbasedcommercialwildlifeviewing_boatbasedcommwild_d,Potential
Marbled Murrelet,eco_birds_mamu_densitywinter_d,mamu,BoatBasedCommWild,hu_re_boatbasedcommercialwildlifeviewing_boatbasedcommwild_d,Potential
Murres/Large Alcids,eco_birds_murrelgalcid_density_d,murrelgalcid,BoatBasedCommWild,hu_re_boatbasedcommercialwildlifeviewing_boatbasedcommwild_d,Potential
Murres/Large Alcids,eco_birds_murrelgalcid_densitywinter_d,murrelgalcid,BoatBasedCommWild,hu_re_boatbasedcommercialwildlifeviewing_boatbasedcommwild_d,Potential
Pelagic cormorant,eco_birds_pelagiccormorant_colonies_d,pelagiccormorant,BoatBasedCommWild,hu_re_boatbasedcommercialwildlifeviewing_boatbasedcommwild_d,Potential
Storm Petrel,eco_birds_petrelphalarope_density_d,petrelphalarope,BoatBasedCommWild,hu_re_boatbasedcommercialwildlifeviewing_boatbasedcommwild_d,Potential
Pigeon Guillemot,eco_birds_pigeonguillemot_colonies_d,pigeonguillemot,BoatBasedCommWild,hu_re_boatbasedcommercialwildlifeviewing_boatbasedcommwild_d,Potential
Pigeon Guillemot,eco_birds_pigeonguillemot_density_m,pigeonguillemot,BoatBasedCommWild,hu_re_boatbasedcommercialwildlifeviewing_boatbasedcommwild_d,Potential
Puffins,eco_birds_puffin_density_d,puffin,BoatBasedCommWild,hu_re_boatbasedcommercialwildlifeviewing_boatbasedcommwild_d,Potential
Rhinoceros Auklet,eco_birds_rhinocerosauklet_colonies_d,rhinocerosauklet,BoatBasedCommWild,hu_re_boatbasedcommercialwildlifeviewing_boatbasedcommwild_d,Potential
"Sea duck, unspecified",eco_birds_seaduck_densitymoulting_d,seaduck,BoatBasedCommWild,hu_re_boatbasedcommercialwildlifeviewing_boatbasedcommwild_d,Potential
"Sea duck, unspecified",eco_birds_seaduck_densitystaging_d,seaduck,BoatBasedCommWild,hu_re_boatbasedcommercialwildlifeviewing_boatbasedcommwild_d,Potential
"Sea duck, unspecified",eco_birds_seaduck_densitywinter_d,seaduck,BoatBasedCommWild,hu_re_boatbasedcommercialwildlifeviewing_boatbasedcommwild_d,Potential
"Sea duck, unspecified",eco_birds_seaduck_keysites_d,seaduck,BoatBasedCommWild,hu_re_boatbasedcommercialwildlifeviewing_boatbasedcommwild_d,Potential
Shearwaters and Fulmars,eco_birds_shearwaterfulmar_density_d,shearwaterfulmar,BoatBasedCommWild,hu_re_boatbasedcommercialwildlifeviewing_boatbasedcommwild_d,Potential
Shorebird (rocky),eco_birds_shorebirdrock_density_d,shorebirdrock,BoatBasedCommWild,hu_re_boatbasedcommercialwildlifeviewing_boatbasedcommwild_d,Potential
Shorebird (sand),eco_birds_shorebirdsand_density_d,shorebirdsand,BoatBasedCommWild,hu_re_boatbasedcommercialwildlifeviewing_boatbasedcommwild_d,Potential
Shorebird (sand),eco_birds_shorebirdsand_keysites_d,shorebirdsand,BoatBasedCommWild,hu_re_boatbasedcommercialwildlifeviewing_boatbasedcommwild_d,Potential
Small Alcids,eco_birds_smallalcid_density_d,smallalcid,BoatBasedCommWild,hu_re_boatbasedcommercialwildlifeviewing_boatbasedcommwild_d,Potential
Small Alcids,eco_birds_smallalcid_densitywinter_d,smallalcid,BoatBasedCommWild,hu_re_boatbasedcommercialwildlifeviewing_boatbasedcommwild_d,Potential
Storm Petrel,eco_birds_stormpetrel_colonies_d,stormpetrel,BoatBasedCommWild,hu_re_boatbasedcommercialwildlifeviewing_boatbasedcommwild_d,Potential
Thick-billed Murre,eco_birds_thickbilledmurre_colonies_d,thickbilledmurre,BoatBasedCommWild,hu_re_boatbasedcommercialwildlifeviewing_boatbasedcommwild_d,Potential
Tufted Puffin,eco_birds_tuftedpuffin_colonies_d,tuftedpuffin,BoatBasedCommWild,hu_re_boatbasedcommercialwildlifeviewing_boatbasedcommwild_d,Potential
Pacific hake ,eco_fish_hake_biomass_d,hake,BoatBasedCommWild,hu_re_boatbasedcommercialwildlifeviewing_boatbasedcommwild_d,Potential
Pacific Cod ,eco_fish_pacificcod_phmasyn_m,pacificcod,BoatBasedCommWild,hu_re_boatbasedcommercialwildlifeviewing_boatbasedcommwild_d,Potential
Pacific Ocean perch ,eco_fish_pacificoceanperch_syn_m,pacificoceanperch,BoatBasedCommWild,hu_re_boatbasedcommercialwildlifeviewing_boatbasedcommwild_d,Potential
Walleye Pollock ,eco_fish_pollock_syn_m,pollock,BoatBasedCommWild,hu_re_boatbasedcommercialwildlifeviewing_boatbasedcommwild_d,Potential
Bocaccio,eco_fish_rockfishbocaccio_ccira_d,rockfishbocaccio,BoatBasedCommWild,hu_re_boatbasedcommercialwildlifeviewing_boatbasedcommwild_d,Potential
Bocaccio,eco_fish_rockfishbocaccio_phmasyn_m,rockfishbocaccio,BoatBasedCommWild,hu_re_boatbasedcommercialwildlifeviewing_boatbasedcommwild_d,Potential
Canary Rockfish,eco_fish_rockfishcanary_ccira_d,rockfishcanary,BoatBasedCommWild,hu_re_boatbasedcommercialwildlifeviewing_boatbasedcommwild_d,Potential
Canary Rockfish,eco_fish_rockfishcanary_phmasyn_m,rockfishcanary,BoatBasedCommWild,hu_re_boatbasedcommercialwildlifeviewing_boatbasedcommwild_d,Potential
China rockfish,eco_fish_rockfishchina_ccira_d,rockfishchina,BoatBasedCommWild,hu_re_boatbasedcommercialwildlifeviewing_boatbasedcommwild_d,Potential
China rockfish,eco_fish_rockfishchina_phma_m,rockfishchina,BoatBasedCommWild,hu_re_boatbasedcommercialwildlifeviewing_boatbasedcommwild_d,Potential
Copper rockfish,eco_fish_rockfishcopper_phmasyn_m,rockfishcopper,BoatBasedCommWild,hu_re_boatbasedcommercialwildlifeviewing_boatbasedcommwild_d,Potential
Darkblotched rockfish,eco_fish_rockfishdarkblotched_syn_m,rockfishdarkblotched,BoatBasedCommWild,hu_re_boatbasedcommercialwildlifeviewing_boatbasedcommwild_d,Potential
Greenstriped rockfish,eco_fish_rockfishgreenstriped_phmasyn_m,rockfishgreenstriped,BoatBasedCommWild,hu_re_boatbasedcommercialwildlifeviewing_boatbasedcommwild_d,Potential
Quillback Rockfish,eco_fish_rockfishquillback_ccira_d,rockfishquillback,BoatBasedCommWild,hu_re_boatbasedcommercialwildlifeviewing_boatbasedcommwild_d,Potential
Quillback Rockfish,eco_fish_rockfishquillback_phmasyn_m,rockfishquillback,BoatBasedCommWild,hu_re_boatbasedcommercialwildlifeviewing_boatbasedcommwild_d,Potential
Redstripe rockfish,eco_fish_rockfishredstripe_syn_m,rockfishredstripe,BoatBasedCommWild,hu_re_boatbasedcommercialwildlifeviewing_boatbasedcommwild_d,Potential
Rosethorn rockfish,eco_fish_rockfishrosethorn_ccira_d,rockfishrosethorn,BoatBasedCommWild,hu_re_boatbasedcommercialwildlifeviewing_boatbasedcommwild_d,Potential
Rosethorn rockfish,eco_fish_rockfishrosethorn_phmasyn_m,rockfishrosethorn,BoatBasedCommWild,hu_re_boatbasedcommercialwildlifeviewing_boatbasedcommwild_d,Potential
Rougheye/Blackspotted Rockfish,eco_fish_rockfishrougheyeblackspotted_phmasyn_m,rockfishrougheyeblackspotted,BoatBasedCommWild,hu_re_boatbasedcommercialwildlifeviewing_boatbasedcommwild_d,Potential
Shortraker rockfish,eco_fish_rockfishshortraker_phmasyn_m,rockfishshortraker,BoatBasedCommWild,hu_re_boatbasedcommercialwildlifeviewing_boatbasedcommwild_d,Potential
Silvergray rockfish,eco_fish_rockfishsilvergray_ccira_d,rockfishsilvergray,BoatBasedCommWild,hu_re_boatbasedcommercialwildlifeviewing_boatbasedcommwild_d,Potential
Silvergray rockfish,eco_fish_rockfishsilvergray_phmasyn_m,rockfishsilvergray,BoatBasedCommWild,hu_re_boatbasedcommercialwildlifeviewing_boatbasedcommwild_d,Potential
Tiger rockfish,eco_fish_rockfishtiger_ccira_d,rockfishtiger,BoatBasedCommWild,hu_re_boatbasedcommercialwildlifeviewing_boatbasedcommwild_d,Potential
Tiger rockfish,eco_fish_rockfishtiger_phma_m,rockfishtiger,BoatBasedCommWild,hu_re_boatbasedcommercialwildlifeviewing_boatbasedcommwild_d,Potential
Vermillion rockfish,eco_fish_rockfishvermilion_phma_m,rockfishvermilion,BoatBasedCommWild,hu_re_boatbasedcommercialwildlifeviewing_boatbasedcommwild_d,Potential
Widow rockfish,eco_fish_rockfishwidow_syn_m,rockfishwidow,BoatBasedCommWild,hu_re_boatbasedcommercialwildlifeviewing_boatbasedcommwild_d,Potential
Yelloweye rockfish,eco_fish_rockfishyelloweye_ccira_d,rockfishyelloweye,BoatBasedCommWild,hu_re_boatbasedcommercialwildlifeviewing_boatbasedcommwild_d,Potential
Yelloweye rockfish,eco_fish_rockfishyelloweye_phmasyn_m,rockfishyelloweye,BoatBasedCommWild,hu_re_boatbasedcommercialwildlifeviewing_boatbasedcommwild_d,Potential
Yellowmouth rockfish ,eco_fish_rockfishyellowmouth_phmasyn_m,rockfishyellowmouth,BoatBasedCommWild,hu_re_boatbasedcommercialwildlifeviewing_boatbasedcommwild_d,Potential
Yellowtail rockfish ,eco_fish_rockfishyellowtail_phmasyn_m,rockfishyellowtail,BoatBasedCommWild,hu_re_boatbasedcommercialwildlifeviewing_boatbasedcommwild_d,Potential
Chinook salmon,eco_fish_salmonchinook_diversity_d,salmonchinook,BoatBasedCommWild,hu_re_boatbasedcommercialwildlifeviewing_boatbasedcommwild_d,Potential
Longspine Thornyhead,eco_fish_thornyheadlongspine_syn_m,thornyheadlongspine,BoatBasedCommWild,hu_re_boatbasedcommercialwildlifeviewing_boatbasedcommwild_d,Potential
Shortspine Thornyhead,eco_fish_thornyheadshortspine_syn_m,thornyheadshortspine,BoatBasedCommWild,hu_re_boatbasedcommercialwildlifeviewing_boatbasedcommwild_d,Potential
Dungeness crab ,eco_inverts_dungeness_ia_d,dungeness,BoatBasedCommWild,hu_re_boatbasedcommercialwildlifeviewing_boatbasedcommwild_d,Potential
Dungeness crab ,eco_inverts_dungeness_records_d,dungeness,BoatBasedCommWild,hu_re_boatbasedcommercialwildlifeviewing_boatbasedcommwild_d,Potential
Deepwater grooved tanner crab,eco_inverts_tannercrabdeep_sab_d,tannercrabdeep,BoatBasedCommWild,hu_re_boatbasedcommercialwildlifeviewing_boatbasedcommwild_d,Potential
Blue Whale,eco_mammals_bluewhale_ia_d,bluewhale,BoatBasedCommWild,hu_re_boatbasedcommercialwildlifeviewing_boatbasedcommwild_d,Potential
California sea lion,eco_mammals_californiasealion_haulouts_d,californiasealion,BoatBasedCommWild,hu_re_boatbasedcommercialwildlifeviewing_boatbasedcommwild_d,Potential
Dall's Porpoise,eco_mammals_dallsporpoise_density_d,dallsporpoise,BoatBasedCommWild,hu_re_boatbasedcommercialwildlifeviewing_boatbasedcommwild_d,Potential
Fin whale,eco_mammals_finwhale_density_d,finwhale,BoatBasedCommWild,hu_re_boatbasedcommercialwildlifeviewing_boatbasedcommwild_d,Potential
Fin whale,eco_mammals_finwhale_hsi_d,finwhale,BoatBasedCommWild,hu_re_boatbasedcommercialwildlifeviewing_boatbasedcommwild_d,Potential
Northern fur seal,eco_mammals_furseal_ia_d,furseal,BoatBasedCommWild,hu_re_boatbasedcommercialwildlifeviewing_boatbasedcommwild_d,Potential
Grey Whale,eco_mammals_greywhale_density_d,greywhale,BoatBasedCommWild,hu_re_boatbasedcommercialwildlifeviewing_boatbasedcommwild_d,Potential
Grey Whale,eco_mammals_greywhale_migrationroute_d,greywhale,BoatBasedCommWild,hu_re_boatbasedcommercialwildlifeviewing_boatbasedcommwild_d,Potential
Harbour porpoise,eco_mammals_harbourporpoise_density_d,harbourporpoise,BoatBasedCommWild,hu_re_boatbasedcommercialwildlifeviewing_boatbasedcommwild_d,Potential
Harbour seal,eco_mammals_harbourseal_haulouts_m,harbourseal,BoatBasedCommWild,hu_re_boatbasedcommercialwildlifeviewing_boatbasedcommwild_d,Potential
Humpback Whale,eco_mammals_humpbackwhale_ch_d,humpbackwhale,BoatBasedCommWild,hu_re_boatbasedcommercialwildlifeviewing_boatbasedcommwild_d,Potential
Humpback Whale,eco_mammals_humpbackwhale_density_d,humpbackwhale,BoatBasedCommWild,hu_re_boatbasedcommercialwildlifeviewing_boatbasedcommwild_d,Potential
Orca NE Pacific Northern Residents,eco_mammals_killerwhaleresident_ch_d,killerwhaleresident,BoatBasedCommWild,hu_re_boatbasedcommercialwildlifeviewing_boatbasedcommwild_d,Potential
Orca NE Pacific Northern Residents,eco_mammals_killerwhaleresident_ia_d,killerwhaleresident,BoatBasedCommWild,hu_re_boatbasedcommercialwildlifeviewing_boatbasedcommwild_d,Potential
Orca NE Pacific Northern Residents,eco_mammals_killerwhaleresident_potentialch_d,killerwhaleresident,BoatBasedCommWild,hu_re_boatbasedcommercialwildlifeviewing_boatbasedcommwild_d,Potential
Orca NE Pacific Transients,eco_mammals_killerwhaletransient_hsi_d,killerwhaletransient,BoatBasedCommWild,hu_re_boatbasedcommercialwildlifeviewing_boatbasedcommwild_d,Potential
Minke whale,eco_mammals_minkewhale_density_d,minkewhale,BoatBasedCommWild,hu_re_boatbasedcommercialwildlifeviewing_boatbasedcommwild_d,Higher Potential
Northern Right Whale Dolphin,eco_mammals_northernrightwhaledolphin_density_d,northernrightwhaledolphin,BoatBasedCommWild,hu_re_boatbasedcommercialwildlifeviewing_boatbasedcommwild_d,Potential
Pacific white-sided dolphin,eco_mammals_pacificwhitesideddolphin_density_d,pacificwhitesideddolphin,BoatBasedCommWild,hu_re_boatbasedcommercialwildlifeviewing_boatbasedcommwild_d,Potential
Sea otter,eco_mammals_seaotter_ia_d,seaotter,BoatBasedCommWild,hu_re_boatbasedcommercialwildlifeviewing_boatbasedcommwild_d,Potential
Sea otter,eco_mammals_seaotter_modeledhabitat_d,seaotter,BoatBasedCommWild,hu_re_boatbasedcommercialwildlifeviewing_boatbasedcommwild_d,Potential
Sei whale,eco_mammals_seiwhale_ia_d,seiwhale,BoatBasedCommWild,hu_re_boatbasedcommercialwildlifeviewing_boatbasedcommwild_d,Higher Potential
Steller sea lion,eco_mammals_stellersealion_hauloutswinter_m,stellersealion,BoatBasedCommWild,hu_re_boatbasedcommercialwildlifeviewing_boatbasedcommwild_d,Potential
Steller sea lion,eco_mammals_stellersealion_hauloutsyearround_m,stellersealion,BoatBasedCommWild,hu_re_boatbasedcommercialwildlifeviewing_boatbasedcommwild_d,Potential
Steller sea lion,eco_mammals_stellersealion_rookeries_m,stellersealion,BoatBasedCommWild,hu_re_boatbasedcommercialwildlifeviewing_boatbasedcommwild_d,Potential
Eelgrass,eco_plants_eelgrass_biobands_d,eelgrass,BoatBasedCommWild,hu_re_boatbasedcommercialwildlifeviewing_boatbasedcommwild_d,Potential
Eelgrass,eco_plants_eelgrass_polygons_d,eelgrass,BoatBasedCommWild,hu_re_boatbasedcommercialwildlifeviewing_boatbasedcommwild_d,Potential
Eelgrass,eco_plants_eelgrass_prioritypolygons_d,eelgrass,BoatBasedCommWild,hu_re_boatbasedcommercialwildlifeviewing_boatbasedcommwild_d,Potential
Surfgrass,eco_plants_surfgrass_biobands_d,surfgrass,BoatBasedCommWild,hu_re_boatbasedcommercialwildlifeviewing_boatbasedcommwild_d,Potential
Albatrosses,eco_birds_albatross_density_m,albatross,BottomLongline,hu_co_demersalfishing_bottomlongline_d,Higher Potential
Albatrosses,eco_birds_albatross_density_m,albatross,BottomLongline,hu_co_demersalfishing_bottomlongline_d,Higher Potential
Gulls,eco_birds_gull_density_m,gull,BottomLongline,hu_co_demersalfishing_bottomlongline_d,Potential
Gulls,eco_birds_gull_densitywinter_m,gull,BottomLongline,hu_co_demersalfishing_bottomlongline_d,Potential
Shearwaters and Fulmars,eco_birds_shearwaterfulmar_density_d,shearwaterfulmar,BottomLongline,hu_co_demersalfishing_bottomlongline_d,Higher Potential
Shearwaters and Fulmars,eco_birds_shearwaterfulmar_density_d,shearwaterfulmar,BottomLongline,hu_co_demersalfishing_bottomlongline_d,Higher Potential
Arrowtooth flounder,eco_fish_arrowtooth_phmasynsab_m,arrowtooth,BottomLongline,hu_co_demersalfishing_bottomlongline_d,Negligible
Spiny Dogfish,eco_fish_dogfish_phmasyn_m,dogfish,BottomLongline,hu_co_demersalfishing_bottomlongline_d,Higher Potential
Pacific Halibut ,eco_fish_halibut_phmasynsab_m,halibut,BottomLongline,hu_co_demersalfishing_bottomlongline_d,Higher Potential
Lingcod,eco_fish_lingcod_ccira_d,lingcod,BottomLongline,hu_co_demersalfishing_bottomlongline_d,Higher Potential
Lingcod,eco_fish_lingcod_phmasynsab_m,lingcod,BottomLongline,hu_co_demersalfishing_bottomlongline_d,Higher Potential
Pacific Ocean perch ,eco_fish_pacificoceanperch_syn_m,pacificoceanperch,BottomLongline,hu_co_demersalfishing_bottomlongline_d,Negligible
Bocaccio,eco_fish_rockfishbocaccio_ccira_d,rockfishbocaccio,BottomLongline,hu_co_demersalfishing_bottomlongline_d,Negligible
Bocaccio,eco_fish_rockfishbocaccio_phmasyn_m,rockfishbocaccio,BottomLongline,hu_co_demersalfishing_bottomlongline_d,Negligible
Canary Rockfish,eco_fish_rockfishcanary_ccira_d,rockfishcanary,BottomLongline,hu_co_demersalfishing_bottomlongline_d,Potential
Canary Rockfish,eco_fish_rockfishcanary_phmasyn_m,rockfishcanary,BottomLongline,hu_co_demersalfishing_bottomlongline_d,Potential
China rockfish,eco_fish_rockfishchina_ccira_d,rockfishchina,BottomLongline,hu_co_demersalfishing_bottomlongline_d,Higher Potential
China rockfish,eco_fish_rockfishchina_phma_m,rockfishchina,BottomLongline,hu_co_demersalfishing_bottomlongline_d,Higher Potential
Copper rockfish,eco_fish_rockfishcopper_phmasyn_m,rockfishcopper,BottomLongline,hu_co_demersalfishing_bottomlongline_d,Higher Potential
Darkblotched rockfish,eco_fish_rockfishdarkblotched_syn_m,rockfishdarkblotched,BottomLongline,hu_co_demersalfishing_bottomlongline_d,Negligible
Greenstriped rockfish,eco_fish_rockfishgreenstriped_phmasyn_m,rockfishgreenstriped,BottomLongline,hu_co_demersalfishing_bottomlongline_d,Negligible
Quillback Rockfish,eco_fish_rockfishquillback_ccira_d,rockfishquillback,BottomLongline,hu_co_demersalfishing_bottomlongline_d,Higher Potential
Quillback Rockfish,eco_fish_rockfishquillback_phmasyn_m,rockfishquillback,BottomLongline,hu_co_demersalfishing_bottomlongline_d,Higher Potential
Redstripe rockfish,eco_fish_rockfishredstripe_syn_m,rockfishredstripe,BottomLongline,hu_co_demersalfishing_bottomlongline_d,Negligible
Rosethorn rockfish,eco_fish_rockfishrosethorn_ccira_d,rockfishrosethorn,BottomLongline,hu_co_demersalfishing_bottomlongline_d,Higher Potential
Rosethorn rockfish,eco_fish_rockfishrosethorn_phmasyn_m,rockfishrosethorn,BottomLongline,hu_co_demersalfishing_bottomlongline_d,Higher Potential
Rougheye/Blackspotted Rockfish,eco_fish_rockfishrougheyeblackspotted_phmasyn_m,rockfishrougheyeblackspotted,BottomLongline,hu_co_demersalfishing_bottomlongline_d,Higher Potential
Shortraker rockfish,eco_fish_rockfishshortraker_phmasyn_m,rockfishshortraker,BottomLongline,hu_co_demersalfishing_bottomlongline_d,Higher Potential
Silvergray rockfish,eco_fish_rockfishsilvergray_ccira_d,rockfishsilvergray,BottomLongline,hu_co_demersalfishing_bottomlongline_d,Potential
Silvergray rockfish,eco_fish_rockfishsilvergray_phmasyn_m,rockfishsilvergray,BottomLongline,hu_co_demersalfishing_bottomlongline_d,Potential
Tiger rockfish,eco_fish_rockfishtiger_ccira_d,rockfishtiger,BottomLongline,hu_co_demersalfishing_bottomlongline_d,Higher Potential
Tiger rockfish,eco_fish_rockfishtiger_phma_m,rockfishtiger,BottomLongline,hu_co_demersalfishing_bottomlongline_d,Higher Potential
Vermillion rockfish,eco_fish_rockfishvermilion_phma_m,rockfishvermilion,BottomLongline,hu_co_demersalfishing_bottomlongline_d,Higher Potential
Widow rockfish,eco_fish_rockfishwidow_syn_m,rockfishwidow,BottomLongline,hu_co_demersalfishing_bottomlongline_d,Negligible
Yelloweye rockfish,eco_fish_rockfishyelloweye_ccira_d,rockfishyelloweye,BottomLongline,hu_co_demersalfishing_bottomlongline_d,Higher Potential
Yelloweye rockfish,eco_fish_rockfishyelloweye_phmasyn_m,rockfishyelloweye,BottomLongline,hu_co_demersalfishing_bottomlongline_d,Higher Potential
Yellowmouth rockfish ,eco_fish_rockfishyellowmouth_phmasyn_m,rockfishyellowmouth,BottomLongline,hu_co_demersalfishing_bottomlongline_d,Negligible
Yellowtail rockfish ,eco_fish_rockfishyellowtail_phmasyn_m,rockfishyellowtail,BottomLongline,hu_co_demersalfishing_bottomlongline_d,Negligible
Sablefish,eco_fish_sablefish_phmasynsab_m,sablefish,BottomLongline,hu_co_demersalfishing_bottomlongline_d,Higher Potential
Big Skate ,eco_fish_skatebig_phmasyn_m,skatebig,BottomLongline,hu_co_demersalfishing_bottomlongline_d,Higher Potential
Longnose skate,eco_fish_skatelongnose_phmasyn_m,skatelongnose,BottomLongline,hu_co_demersalfishing_bottomlongline_d,Higher Potential
Roughtail skate,eco_fish_skateroughtail_syn_m,skateroughtail,BottomLongline,hu_co_demersalfishing_bottomlongline_d,Higher Potential
Sandpaper skate,eco_fish_skatesandpaper_phmasyn_m,skatesandpaper,BottomLongline,hu_co_demersalfishing_bottomlongline_d,Higher Potential
Longspine Thornyhead,eco_fish_thornyheadlongspine_syn_m,thornyheadlongspine,BottomLongline,hu_co_demersalfishing_bottomlongline_d,Negligible
Shortspine Thornyhead,eco_fish_thornyheadshortspine_syn_m,thornyheadshortspine,BottomLongline,hu_co_demersalfishing_bottomlongline_d,Negligible
Soft corals,eco_inverts_alcyonacea_model_d,alcyonacea,BottomLongline,hu_co_demersalfishing_bottomlongline_d,Potential
Black corals,eco_inverts_antipatharia_model_d,antipatharia,BottomLongline,hu_co_demersalfishing_bottomlongline_d,Potential
Corals,eco_inverts_coralhotspot_ccira,coral,BottomLongline,hu_co_demersalfishing_bottomlongline_d,Potential
Corals,eco_inverts_coral_trawlsyn_d,coral,BottomLongline,hu_co_demersalfishing_bottomlongline_d,Potential
Sea pens,eco_inverts_pennatulacea_model_d,pennatulacea,BottomLongline,hu_co_demersalfishing_bottomlongline_d,Potential
Sea pens,eco_inverts_pennatulacea_trawlsyn_d,pennatulacea,BottomLongline,hu_co_demersalfishing_bottomlongline_d,Potential
Hand or stony corals,eco_inverts_scleractinia_model_d,scleractinia,BottomLongline,hu_co_demersalfishing_bottomlongline_d,Potential
Demospongiae,eco_inverts_sponge_trawlsyn_d,sponge,OpenNetPens,hu_aq_finfishaquaculture_opennetpens_d,Higher Potential
Demospongiae,eco_inverts_sponge_trawlsyn_d,sponge,BottomLongline,hu_co_demersalfishing_bottomlongline_d,Potential
Demospongiae,eco_inverts_sponge_trawlsyn_d,sponge,BottomTrawling,hu_co_demersalfishing_bottomtrawling_d,Higher Potential
Bottom patches,eco_coarse_bottompatches_polygonshard_d,bottompatches,BottomTrawling,hu_co_demersalfishing_bottomtrawling_d,Potential
Bottom Patches,eco_coarse_bottompatches_polygonssoft_d,bottompatches,BottomTrawling,hu_co_demersalfishing_bottomtrawling_d,Higher Potential
Arrowtooth flounder,eco_fish_arrowtooth_phmasynsab_m,arrowtooth,BottomTrawling,hu_co_demersalfishing_bottomtrawling_d,Higher Potential
Spiny Dogfish,eco_fish_dogfish_phmasyn_m,dogfish,BottomTrawling,hu_co_demersalfishing_bottomtrawling_d,Higher Potential
Eulachon,eco_fish_eulachon_spawn_d,eulachon,BottomTrawling,hu_co_demersalfishing_bottomtrawling_d,Potential
Eulachon,eco_fish_eulachon_summer_d,eulachon,BottomTrawling,hu_co_demersalfishing_bottomtrawling_d,Potential
Pacific hake ,eco_fish_hake_biomass_d,hake,BottomTrawling,hu_co_demersalfishing_bottomtrawling_d,Potential
Pacific Halibut ,eco_fish_halibut_phmasynsab_m,halibut,BottomTrawling,hu_co_demersalfishing_bottomtrawling_d,Potential
Lingcod,eco_fish_lingcod_ccira_d,lingcod,BottomTrawling,hu_co_demersalfishing_bottomtrawling_d,Higher Potential
Lingcod,eco_fish_lingcod_phmasynsab_m,lingcod,BottomTrawling,hu_co_demersalfishing_bottomtrawling_d,Higher Potential
Pacific Cod ,eco_fish_pacificcod_phmasyn_m,pacificcod,BottomTrawling,hu_co_demersalfishing_bottomtrawling_d,Higher Potential
Pacific Ocean perch ,eco_fish_pacificoceanperch_syn_m,pacificoceanperch,BottomTrawling,hu_co_demersalfishing_bottomtrawling_d,Higher Potential
Walleye Pollock ,eco_fish_pollock_syn_m,pollock,BottomTrawling,hu_co_demersalfishing_bottomtrawling_d,Potential
Bocaccio,eco_fish_rockfishbocaccio_ccira_d,rockfishbocaccio,BottomTrawling,hu_co_demersalfishing_bottomtrawling_d,Higher Potential
Bocaccio,eco_fish_rockfishbocaccio_phmasyn_m,rockfishbocaccio,BottomTrawling,hu_co_demersalfishing_bottomtrawling_d,Higher Potential
Canary Rockfish,eco_fish_rockfishcanary_ccira_d,rockfishcanary,BottomTrawling,hu_co_demersalfishing_bottomtrawling_d,Higher Potential
Canary Rockfish,eco_fish_rockfishcanary_phmasyn_m,rockfishcanary,BottomTrawling,hu_co_demersalfishing_bottomtrawling_d,Higher Potential
Darkblotched rockfish,eco_fish_rockfishdarkblotched_syn_m,rockfishdarkblotched,BottomTrawling,hu_co_demersalfishing_bottomtrawling_d,Higher Potential
Greenstriped rockfish,eco_fish_rockfishgreenstriped_phmasyn_m,rockfishgreenstriped,BottomTrawling,hu_co_demersalfishing_bottomtrawling_d,Higher Potential
Redstripe rockfish,eco_fish_rockfishredstripe_syn_m,rockfishredstripe,BottomTrawling,hu_co_demersalfishing_bottomtrawling_d,Higher Potential
Rosethorn rockfish,eco_fish_rockfishrosethorn_ccira_d,rockfishrosethorn,BottomTrawling,hu_co_demersalfishing_bottomtrawling_d,Higher Potential
Rosethorn rockfish,eco_fish_rockfishrosethorn_phmasyn_m,rockfishrosethorn,BottomTrawling,hu_co_demersalfishing_bottomtrawling_d,Higher Potential
Rougheye/Blackspotted Rockfish,eco_fish_rockfishrougheyeblackspotted_phmasyn_m,rockfishrougheyeblackspotted,BottomTrawling,hu_co_demersalfishing_bottomtrawling_d,Higher Potential
Shortraker rockfish,eco_fish_rockfishshortraker_phmasyn_m,rockfishshortraker,BottomTrawling,hu_co_demersalfishing_bottomtrawling_d,Higher Potential
Silvergray rockfish,eco_fish_rockfishsilvergray_ccira_d,rockfishsilvergray,BottomTrawling,hu_co_demersalfishing_bottomtrawling_d,Higher Potential
Silvergray rockfish,eco_fish_rockfishsilvergray_phmasyn_m,rockfishsilvergray,BottomTrawling,hu_co_demersalfishing_bottomtrawling_d,Higher Potential
Vermillion rockfish,eco_fish_rockfishvermilion_phma_m,rockfishvermilion,BottomTrawling,hu_co_demersalfishing_bottomtrawling_d,Higher Potential
Widow rockfish,eco_fish_rockfishwidow_syn_m,rockfishwidow,BottomTrawling,hu_co_demersalfishing_bottomtrawling_d,Higher Potential
Yelloweye rockfish,eco_fish_rockfishyelloweye_ccira_d,rockfishyelloweye,BottomTrawling,hu_co_demersalfishing_bottomtrawling_d,Potential
Yelloweye rockfish,eco_fish_rockfishyelloweye_phmasyn_m,rockfishyelloweye,BottomTrawling,hu_co_demersalfishing_bottomtrawling_d,Potential
Yellowmouth rockfish ,eco_fish_rockfishyellowmouth_phmasyn_m,rockfishyellowmouth,BottomTrawling,hu_co_demersalfishing_bottomtrawling_d,Higher Potential
Yellowtail rockfish ,eco_fish_rockfishyellowtail_phmasyn_m,rockfishyellowtail,BottomTrawling,hu_co_demersalfishing_bottomtrawling_d,Higher Potential
Sablefish,eco_fish_sablefish_phmasynsab_m,sablefish,BottomTrawling,hu_co_demersalfishing_bottomtrawling_d,Potential
Big Skate ,eco_fish_skatebig_phmasyn_m,skatebig,BottomTrawling,hu_co_demersalfishing_bottomtrawling_d,Higher Potential
Longnose skate,eco_fish_skatelongnose_phmasyn_m,skatelongnose,BottomTrawling,hu_co_demersalfishing_bottomtrawling_d,Higher Potential
Roughtail skate,eco_fish_skateroughtail_syn_m,skateroughtail,BottomTrawling,hu_co_demersalfishing_bottomtrawling_d,Potential
Sandpaper skate,eco_fish_skatesandpaper_phmasyn_m,skatesandpaper,BottomTrawling,hu_co_demersalfishing_bottomtrawling_d,Potential
Dover sole ,eco_fish_soledover_syn_m,soledover,BottomTrawling,hu_co_demersalfishing_bottomtrawling_d,Higher Potential
Petrale sole ,eco_fish_solepetrale_syn_m,solepetrale,BottomTrawling,hu_co_demersalfishing_bottomtrawling_d,Higher Potential
Rex Sole,eco_fish_solerex_syn_m,solerex,BottomTrawling,hu_co_demersalfishing_bottomtrawling_d,Higher Potential
Rock sole ,eco_fish_solerock_phmasyn_m,solerock,BottomTrawling,hu_co_demersalfishing_bottomtrawling_d,Higher Potential
Green Sturgeon,eco_fish_sturgeon_ia_d,sturgeon,BottomTrawling,hu_co_demersalfishing_bottomtrawling_d,Negligible
Longspine Thornyhead,eco_fish_thornyheadlongspine_syn_m,thornyheadlongspine,BottomTrawling,hu_co_demersalfishing_bottomtrawling_d,Higher Potential
Shortspine Thornyhead,eco_fish_thornyheadshortspine_syn_m,thornyheadshortspine,BottomTrawling,hu_co_demersalfishing_bottomtrawling_d,Higher Potential
Soft corals,eco_inverts_alcyonacea_model_d,alcyonacea,BottomTrawling,hu_co_demersalfishing_bottomtrawling_d,Higher Potential
Black corals,eco_inverts_antipatharia_model_d,antipatharia,BottomTrawling,hu_co_demersalfishing_bottomtrawling_d,Higher Potential
Corals,eco_inverts_coralhotspot_ccira,coral,BottomTrawling,hu_co_demersalfishing_bottomtrawling_d,Higher Potential
Corals,eco_inverts_coral_trawlsyn_d,coral,BottomTrawling,hu_co_demersalfishing_bottomtrawling_d,Higher Potential
Sea pens,eco_inverts_pennatulacea_model_d,pennatulacea,BottomTrawling,hu_co_demersalfishing_bottomtrawling_d,Higher Potential
Sea pens,eco_inverts_pennatulacea_trawlsyn_d,pennatulacea,BottomTrawling,hu_co_demersalfishing_bottomtrawling_d,Higher Potential
Hand or stony corals,eco_inverts_scleractinia_model_d,scleractinia,BottomTrawling,hu_co_demersalfishing_bottomtrawling_d,Higher Potential
Sunflower sea star,eco_inverts_seastarsunflower_records_d,seastarsunflower,BottomTrawling,hu_co_demersalfishing_bottomtrawling_d,Higher Potential
Demospongiae,eco_inverts_sponge_trawlsyn_d,sponge,InvertTrapComCRAB,hu_co_demersalfishing_inverttrapcom_d,Higher Potential
Demospongiae,eco_inverts_sponge_trawlsyn_d,sponge,InvertTrapComPRAWN,hu_co_demersalfishing_inverttrapcom_d,Higher Potential
Demospongiae,eco_inverts_sponge_trawlsyn_d,sponge,SableTrapCom,hu_co_demersalfishing_sabletrapcom_d,Higher Potential
Northern fur seal,eco_mammals_furseal_ia_d,furseal,BottomTrawling,hu_co_demersalfishing_bottomtrawling_d,Potential
Steller sea lion,eco_mammals_stellersealion_hauloutswinter_m,stellersealion,BottomTrawling,hu_co_demersalfishing_bottomtrawling_d,Potential
Steller sea lion,eco_mammals_stellersealion_hauloutsyearround_m,stellersealion,BottomTrawling,hu_co_demersalfishing_bottomtrawling_d,Potential
Steller sea lion,eco_mammals_stellersealion_rookeries_m,stellersealion,BottomTrawling,hu_co_demersalfishing_bottomtrawling_d,Potential
Estuaries,eco_areas_estuaries_polygons_d,estuaries,Dredging,hu_ot_dredging_dredging_d,Higher Potential
Bottom Patches,eco_coarse_bottompatches_polygonssoft_d,bottompatches,Dredging,hu_ot_dredging_dredging_d,Potential
Eulachon,eco_fish_eulachon_spawn_d,eulachon,Dredging,hu_ot_dredging_dredging_d,Higher Potential
Eulachon,eco_fish_eulachon_summer_d,eulachon,Dredging,hu_ot_dredging_dredging_d,Higher Potential
Pacific herring ,eco_fish_herring_ia_d,herring,Dredging,hu_ot_dredging_dredging_d,Higher Potential
Pacific herring ,eco_fish_herring_spawn_d,herring,Dredging,hu_ot_dredging_dredging_d,Higher Potential
Pacific Sand Lance,eco_fish_sandlance_syn_m,sandlance,Dredging,hu_ot_dredging_dredging_d,Higher Potential
Dungeness crab ,eco_inverts_dungeness_ia_d,dungeness,Dredging,hu_ot_dredging_dredging_d,Higher Potential
Dungeness crab ,eco_inverts_dungeness_records_d,dungeness,Dredging,hu_ot_dredging_dredging_d,Higher Potential
Deepwater grooved tanner crab,eco_inverts_tannercrabdeep_sab_d,tannercrabdeep,Dredging,hu_ot_dredging_dredging_d,Higher Potential
Eelgrass,eco_plants_eelgrass_biobands_d,eelgrass,Dredging,hu_ot_dredging_dredging_d,Higher Potential
Eelgrass,eco_plants_eelgrass_polygons_d,eelgrass,Dredging,hu_ot_dredging_dredging_d,Higher Potential
Eelgrass,eco_plants_eelgrass_prioritypolygons_d,eelgrass,Dredging,hu_ot_dredging_dredging_d,Higher Potential
Surfgrass,eco_plants_surfgrass_biobands_d,surfgrass,Dredging,hu_ot_dredging_dredging_d,Higher Potential
Albatrosses,eco_birds_albatross_density_m,albatross,FoodSocialCeremonial,hu_ih_indigenousharvest_foodsocialceremonial,Potential
Ancient Murrelet,eco_birds_ancientmurrelet_colonies_d,ancientmurrelet,FoodSocialCeremonial,hu_ih_indigenousharvest_foodsocialceremonial,Potential
Black Oystercatcher,eco_birds_blackoystercatcher_nestingsites_d,blackoystercatcher,FoodSocialCeremonial,hu_ih_indigenousharvest_foodsocialceremonial,Potential
Brandt's cormorant,eco_birds_brandtscormorant_colonies_d,brandtscormorant,FoodSocialCeremonial,hu_ih_indigenousharvest_foodsocialceremonial,Potential
Cassin's Auklet,eco_birds_cassinsauklet_colonies_d,cassinsauklet,FoodSocialCeremonial,hu_ih_indigenousharvest_foodsocialceremonial,Potential
Common Murre,eco_birds_commonmurre_colonies_d,commonmurre,FoodSocialCeremonial,hu_ih_indigenousharvest_foodsocialceremonial,Potential
Double-crested cormorant,eco_birds_cormorant_density_m,cormorant,FoodSocialCeremonial,hu_ih_indigenousharvest_foodsocialceremonial,Potential
Unspecified Cormorant  ,eco_birds_cormorant_densitywinter_m,cormorant,FoodSocialCeremonial,hu_ih_indigenousharvest_foodsocialceremonial,Potential
Goose/Swan,eco_birds_gooseswan_density_m,gooseswan,FoodSocialCeremonial,hu_ih_indigenousharvest_foodsocialceremonial,Potential
Goose/Swan,eco_birds_gooseswan_densitywinter_m,gooseswan,FoodSocialCeremonial,hu_ih_indigenousharvest_foodsocialceremonial,Potential
Gulls,eco_birds_gull_density_m,gull,FoodSocialCeremonial,hu_ih_indigenousharvest_foodsocialceremonial,Potential
Gulls,eco_birds_gull_densitywinter_m,gull,FoodSocialCeremonial,hu_ih_indigenousharvest_foodsocialceremonial,Potential
Horned Puffin,eco_birds_hornedpuffin_colonies_d,hornedpuffin,FoodSocialCeremonial,hu_ih_indigenousharvest_foodsocialceremonial,Potential
Loon/Grebe,eco_birds_loongrebe_density_d,loongrebe,FoodSocialCeremonial,hu_ih_indigenousharvest_foodsocialceremonial,Potential
Loon/Grebe,eco_birds_loongrebe_densitywinter_d,loongrebe,FoodSocialCeremonial,hu_ih_indigenousharvest_foodsocialceremonial,Potential
Marbled Murrelet,eco_birds_mamu_density_d,mamu,FoodSocialCeremonial,hu_ih_indigenousharvest_foodsocialceremonial,Potential
Marbled Murrelet,eco_birds_mamu_densitywinter_d,mamu,FoodSocialCeremonial,hu_ih_indigenousharvest_foodsocialceremonial,Potential
Murres/Large Alcids,eco_birds_murrelgalcid_density_d,murrelgalcid,FoodSocialCeremonial,hu_ih_indigenousharvest_foodsocialceremonial,Potential
Murres/Large Alcids,eco_birds_murrelgalcid_densitywinter_d,murrelgalcid,FoodSocialCeremonial,hu_ih_indigenousharvest_foodsocialceremonial,Potential
Pelagic cormorant,eco_birds_pelagiccormorant_colonies_d,pelagiccormorant,FoodSocialCeremonial,hu_ih_indigenousharvest_foodsocialceremonial,Potential
Storm Petrel,eco_birds_petrelphalarope_density_d,petrelphalarope,FoodSocialCeremonial,hu_ih_indigenousharvest_foodsocialceremonial,Potential
Pigeon Guillemot,eco_birds_pigeonguillemot_colonies_d,pigeonguillemot,FoodSocialCeremonial,hu_ih_indigenousharvest_foodsocialceremonial,Potential
Pigeon Guillemot,eco_birds_pigeonguillemot_density_m,pigeonguillemot,FoodSocialCeremonial,hu_ih_indigenousharvest_foodsocialceremonial,Potential
Puffins,eco_birds_puffin_density_d,puffin,FoodSocialCeremonial,hu_ih_indigenousharvest_foodsocialceremonial,Potential
Rhinoceros Auklet,eco_birds_rhinocerosauklet_colonies_d,rhinocerosauklet,FoodSocialCeremonial,hu_ih_indigenousharvest_foodsocialceremonial,Potential
"Sea duck, unspecified",eco_birds_seaduck_densitymoulting_d,seaduck,FoodSocialCeremonial,hu_ih_indigenousharvest_foodsocialceremonial,Potential
"Sea duck, unspecified",eco_birds_seaduck_densitystaging_d,seaduck,FoodSocialCeremonial,hu_ih_indigenousharvest_foodsocialceremonial,Potential
"Sea duck, unspecified",eco_birds_seaduck_densitywinter_d,seaduck,FoodSocialCeremonial,hu_ih_indigenousharvest_foodsocialceremonial,Potential
"Sea duck, unspecified",eco_birds_seaduck_keysites_d,seaduck,FoodSocialCeremonial,hu_ih_indigenousharvest_foodsocialceremonial,Potential
Shearwaters and Fulmars,eco_birds_shearwaterfulmar_density_d,shearwaterfulmar,FoodSocialCeremonial,hu_ih_indigenousharvest_foodsocialceremonial,Potential
Shorebird (sand),eco_birds_shorebirdsand_keysites_d,shorebirdsand,FoodSocialCeremonial,hu_ih_indigenousharvest_foodsocialceremonial,Potential
Small Alcids,eco_birds_smallalcid_density_d,smallalcid,FoodSocialCeremonial,hu_ih_indigenousharvest_foodsocialceremonial,Potential
Small Alcids,eco_birds_smallalcid_densitywinter_d,smallalcid,FoodSocialCeremonial,hu_ih_indigenousharvest_foodsocialceremonial,Potential
Storm Petrel,eco_birds_stormpetrel_colonies_d,stormpetrel,FoodSocialCeremonial,hu_ih_indigenousharvest_foodsocialceremonial,Potential
Thick-billed Murre,eco_birds_thickbilledmurre_colonies_d,thickbilledmurre,FoodSocialCeremonial,hu_ih_indigenousharvest_foodsocialceremonial,Potential
Tufted Puffin,eco_birds_tuftedpuffin_colonies_d,tuftedpuffin,FoodSocialCeremonial,hu_ih_indigenousharvest_foodsocialceremonial,Potential
Arrowtooth flounder,eco_fish_arrowtooth_phmasynsab_m,arrowtooth,FoodSocialCeremonial,hu_ih_indigenousharvest_foodsocialceremonial,Potential
Spiny Dogfish,eco_fish_dogfish_phmasyn_m,dogfish,FoodSocialCeremonial,hu_ih_indigenousharvest_foodsocialceremonial,Potential
Eulachon,eco_fish_eulachon_spawn_d,eulachon,FoodSocialCeremonial,hu_ih_indigenousharvest_foodsocialceremonial,Potential
Eulachon,eco_fish_eulachon_summer_d,eulachon,FoodSocialCeremonial,hu_ih_indigenousharvest_foodsocialceremonial,Potential
Pacific hake ,eco_fish_hake_biomass_d,hake,FoodSocialCeremonial,hu_ih_indigenousharvest_foodsocialceremonial,Potential
Pacific Halibut ,eco_fish_halibut_phmasynsab_m,halibut,FoodSocialCeremonial,hu_ih_indigenousharvest_foodsocialceremonial,Potential
Pacific herring ,eco_fish_herring_ia_d,herring,FoodSocialCeremonial,hu_ih_indigenousharvest_foodsocialceremonial,Potential
Pacific herring ,eco_fish_herring_spawn_d,herring,FoodSocialCeremonial,hu_ih_indigenousharvest_foodsocialceremonial,Potential
Lingcod,eco_fish_lingcod_ccira_d,lingcod,FoodSocialCeremonial,hu_ih_indigenousharvest_foodsocialceremonial,Potential
Lingcod,eco_fish_lingcod_phmasynsab_m,lingcod,FoodSocialCeremonial,hu_ih_indigenousharvest_foodsocialceremonial,Potential
Pacific Cod ,eco_fish_pacificcod_phmasyn_m,pacificcod,FoodSocialCeremonial,hu_ih_indigenousharvest_foodsocialceremonial,Potential
Pacific Ocean perch ,eco_fish_pacificoceanperch_syn_m,pacificoceanperch,FoodSocialCeremonial,hu_ih_indigenousharvest_foodsocialceremonial,Potential
walleye pollock,eco_fish_pollock_syn_m,pollock,FoodSocialCeremonial,hu_ih_indigenousharvest_foodsocialceremonial,Potential
Bocaccio,eco_fish_rockfishbocaccio_ccira_d,rockfishbocaccio,FoodSocialCeremonial,hu_ih_indigenousharvest_foodsocialceremonial,Potential
Bocaccio,eco_fish_rockfishbocaccio_phmasyn_m,rockfishbocaccio,FoodSocialCeremonial,hu_ih_indigenousharvest_foodsocialceremonial,Potential
Canary Rockfish,eco_fish_rockfishcanary_ccira_d,rockfishcanary,FoodSocialCeremonial,hu_ih_indigenousharvest_foodsocialceremonial,Potential
Canary Rockfish,eco_fish_rockfishcanary_phmasyn_m,rockfishcanary,FoodSocialCeremonial,hu_ih_indigenousharvest_foodsocialceremonial,Potential
China rockfish,eco_fish_rockfishchina_ccira_d,rockfishchina,FoodSocialCeremonial,hu_ih_indigenousharvest_foodsocialceremonial,Potential
China rockfish,eco_fish_rockfishchina_phma_m,rockfishchina,FoodSocialCeremonial,hu_ih_indigenousharvest_foodsocialceremonial,Potential
Copper rockfish,eco_fish_rockfishcopper_phmasyn_m,rockfishcopper,FoodSocialCeremonial,hu_ih_indigenousharvest_foodsocialceremonial,Potential
Darkblotched rockfish,eco_fish_rockfishdarkblotched_syn_m,rockfishdarkblotched,FoodSocialCeremonial,hu_ih_indigenousharvest_foodsocialceremonial,Potential
Greenstriped rockfish,eco_fish_rockfishgreenstriped_phmasyn_m,rockfishgreenstriped,FoodSocialCeremonial,hu_ih_indigenousharvest_foodsocialceremonial,Potential
Quillback Rockfish,eco_fish_rockfishquillback_ccira_d,rockfishquillback,FoodSocialCeremonial,hu_ih_indigenousharvest_foodsocialceremonial,Potential
Quillback Rockfish,eco_fish_rockfishquillback_phmasyn_m,rockfishquillback,FoodSocialCeremonial,hu_ih_indigenousharvest_foodsocialceremonial,Potential
Redstripe rockfish,eco_fish_rockfishredstripe_syn_m,rockfishredstripe,FoodSocialCeremonial,hu_ih_indigenousharvest_foodsocialceremonial,Potential
Rosethorn rockfish,eco_fish_rockfishrosethorn_ccira_d,rockfishrosethorn,FoodSocialCeremonial,hu_ih_indigenousharvest_foodsocialceremonial,Potential
Rosethorn rockfish,eco_fish_rockfishrosethorn_phmasyn_m,rockfishrosethorn,FoodSocialCeremonial,hu_ih_indigenousharvest_foodsocialceremonial,Potential
Rougheye/Blackspotted Rockfish,eco_fish_rockfishrougheyeblackspotted_phmasyn_m,rockfishrougheyeblackspotted,FoodSocialCeremonial,hu_ih_indigenousharvest_foodsocialceremonial,Potential
Shortraker rockfish,eco_fish_rockfishshortraker_phmasyn_m,rockfishshortraker,FoodSocialCeremonial,hu_ih_indigenousharvest_foodsocialceremonial,Potential
Silvergray rockfish,eco_fish_rockfishsilvergray_ccira_d,rockfishsilvergray,FoodSocialCeremonial,hu_ih_indigenousharvest_foodsocialceremonial,Potential
Silvergray rockfish,eco_fish_rockfishsilvergray_phmasyn_m,rockfishsilvergray,FoodSocialCeremonial,hu_ih_indigenousharvest_foodsocialceremonial,Potential
Tiger rockfish,eco_fish_rockfishtiger_ccira_d,rockfishtiger,FoodSocialCeremonial,hu_ih_indigenousharvest_foodsocialceremonial,Potential
Tiger rockfish,eco_fish_rockfishtiger_phma_m,rockfishtiger,FoodSocialCeremonial,hu_ih_indigenousharvest_foodsocialceremonial,Potential
Vermillion rockfish,eco_fish_rockfishvermilion_phma_m,rockfishvermilion,FoodSocialCeremonial,hu_ih_indigenousharvest_foodsocialceremonial,Potential
Widow rockfish,eco_fish_rockfishwidow_syn_m,rockfishwidow,FoodSocialCeremonial,hu_ih_indigenousharvest_foodsocialceremonial,Potential
Yelloweye rockfish,eco_fish_rockfishyelloweye_ccira_d,rockfishyelloweye,FoodSocialCeremonial,hu_ih_indigenousharvest_foodsocialceremonial,Potential
Yelloweye rockfish,eco_fish_rockfishyelloweye_phmasyn_m,rockfishyelloweye,FoodSocialCeremonial,hu_ih_indigenousharvest_foodsocialceremonial,Potential
Yellowmouth rockfish ,eco_fish_rockfishyellowmouth_phmasyn_m,rockfishyellowmouth,FoodSocialCeremonial,hu_ih_indigenousharvest_foodsocialceremonial,Potential
Yellowtail rockfish,eco_fish_rockfishyellowtail_phmasyn_m,rockfishyellowtail,FoodSocialCeremonial,hu_ih_indigenousharvest_foodsocialceremonial,Potential
Sablefish,eco_fish_sablefish_phmasynsab_m,sablefish,FoodSocialCeremonial,hu_ih_indigenousharvest_foodsocialceremonial,Potential
Pacific salmon,eco_fish_salmon_biomass_d,salmon,FoodSocialCeremonial,hu_ih_indigenousharvest_foodsocialceremonial,Potential
Chinook salmon,eco_fish_salmonchinook_diversity_d,salmonchinook,FoodSocialCeremonial,hu_ih_indigenousharvest_foodsocialceremonial,Potential
Chum salmon,eco_fish_salmonchum_diversity_d,salmonchum,FoodSocialCeremonial,hu_ih_indigenousharvest_foodsocialceremonial,Potential
Coho Salmon,eco_fish_salmoncoho_diversity_d,salmoncoho,FoodSocialCeremonial,hu_ih_indigenousharvest_foodsocialceremonial,Potential
Pink salmon (even),eco_fish_salmonpinkeven_diversity_d,salmonpinkeven,FoodSocialCeremonial,hu_ih_indigenousharvest_foodsocialceremonial,Potential
Pink salmon (odd),eco_fish_salmonpinkodd_diversity_d,salmonpinkodd,FoodSocialCeremonial,hu_ih_indigenousharvest_foodsocialceremonial,Potential
Sockeye salmon,eco_fish_salmonsockeye_diversity_d,salmonsockeye,FoodSocialCeremonial,hu_ih_indigenousharvest_foodsocialceremonial,Potential
Pacific Sand Lance,eco_fish_sandlance_syn_m,sandlance,FoodSocialCeremonial,hu_ih_indigenousharvest_foodsocialceremonial,Potential
Big Skate ,eco_fish_skatebig_phmasyn_m,skatebig,FoodSocialCeremonial,hu_ih_indigenousharvest_foodsocialceremonial,Potential
Longnose skate,eco_fish_skatelongnose_phmasyn_m,skatelongnose,FoodSocialCeremonial,hu_ih_indigenousharvest_foodsocialceremonial,Potential
Roughtail skate,eco_fish_skateroughtail_syn_m,skateroughtail,FoodSocialCeremonial,hu_ih_indigenousharvest_foodsocialceremonial,Potential
Sandpaper skate,eco_fish_skatesandpaper_phmasyn_m,skatesandpaper,FoodSocialCeremonial,hu_ih_indigenousharvest_foodsocialceremonial,Potential
Dover sole ,eco_fish_soledover_syn_m,soledover,FoodSocialCeremonial,hu_ih_indigenousharvest_foodsocialceremonial,Potential
Petrale sole ,eco_fish_solepetrale_syn_m,solepetrale,FoodSocialCeremonial,hu_ih_indigenousharvest_foodsocialceremonial,Potential
Rex Sole,eco_fish_solerex_syn_m,solerex,FoodSocialCeremonial,hu_ih_indigenousharvest_foodsocialceremonial,Potential
Rock sole ,eco_fish_solerock_phmasyn_m,solerock,FoodSocialCeremonial,hu_ih_indigenousharvest_foodsocialceremonial,Potential
Green Sturgeon,eco_fish_sturgeon_ia_d,sturgeon,FoodSocialCeremonial,hu_ih_indigenousharvest_foodsocialceremonial,Potential
Longspine Thornyhead,eco_fish_thornyheadlongspine_syn_m,thornyheadlongspine,FoodSocialCeremonial,hu_ih_indigenousharvest_foodsocialceremonial,Potential
Shortspine Thornyhead,eco_fish_thornyheadshortspine_syn_m,thornyheadshortspine,FoodSocialCeremonial,hu_ih_indigenousharvest_foodsocialceremonial,Potential
Soft corals,eco_inverts_alcyonacea_model_d,alcyonacea,FoodSocialCeremonial,hu_ih_indigenousharvest_foodsocialceremonial,Potential
Black corals,eco_inverts_antipatharia_model_d,antipatharia,FoodSocialCeremonial,hu_ih_indigenousharvest_foodsocialceremonial,Potential
Butter clams,eco_inverts_clambutter_records_d,clambutter,FoodSocialCeremonial,hu_ih_indigenousharvest_foodsocialceremonial,Potential
Horse clam,eco_inverts_clamhorse_records_d,clamhorse,FoodSocialCeremonial,hu_ih_indigenousharvest_foodsocialceremonial,Potential
Littleneck clam,eco_inverts_clamlittleneck_records_d,clamlittleneck,FoodSocialCeremonial,hu_ih_indigenousharvest_foodsocialceremonial,Potential
Razor clam,eco_inverts_clamrazor_ia_d,clamrazor,FoodSocialCeremonial,hu_ih_indigenousharvest_foodsocialceremonial,Potential
Cockles,eco_inverts_cockle_records_d,cockle,FoodSocialCeremonial,hu_ih_indigenousharvest_foodsocialceremonial,Potential
Corals,eco_inverts_coralhotspot_ccira,coral,FoodSocialCeremonial,hu_ih_indigenousharvest_foodsocialceremonial,Potential
Corals,eco_inverts_coral_trawlsyn_d,coral,FoodSocialCeremonial,hu_ih_indigenousharvest_foodsocialceremonial,Potential
Dungeness crab ,eco_inverts_dungeness_ia_d,dungeness,FoodSocialCeremonial,hu_ih_indigenousharvest_foodsocialceremonial,Potential
Dungeness crab ,eco_inverts_dungeness_records_d,dungeness,FoodSocialCeremonial,hu_ih_indigenousharvest_foodsocialceremonial,Potential
Geoduck,eco_inverts_geoduck_records_d,geoduck,FoodSocialCeremonial,hu_ih_indigenousharvest_foodsocialceremonial,Potential
Giant pacific octopus,eco_inverts_octopusgiantpacific_records_d,octopusgiantpacific,FoodSocialCeremonial,hu_ih_indigenousharvest_foodsocialceremonial,Potential
Olympia Oyster,eco_inverts_olympiaoyster_records_d,olympiaoyster,FoodSocialCeremonial,hu_ih_indigenousharvest_foodsocialceremonial,Potential
Sea pens,eco_inverts_pennatulacea_model_d,pennatulacea,FoodSocialCeremonial,hu_ih_indigenousharvest_foodsocialceremonial,Potential
Sea pens,eco_inverts_pennatulacea_trawlsyn_d,pennatulacea,FoodSocialCeremonial,hu_ih_indigenousharvest_foodsocialceremonial,Potential
Prawn ,eco_inverts_prawn_records_d,prawn,FoodSocialCeremonial,hu_ih_indigenousharvest_foodsocialceremonial,Potential
Purple-hinged rock scallop,eco_inverts_purplerockscallop_records_d,purplerockscallop,FoodSocialCeremonial,hu_ih_indigenousharvest_foodsocialceremonial,Potential
Scallops,eco_inverts_scallops_syn_d,scallops,FoodSocialCeremonial,hu_ih_indigenousharvest_foodsocialceremonial,Potential
Hand or stony corals,eco_inverts_scleractinia_model_d,scleractinia,FoodSocialCeremonial,hu_ih_indigenousharvest_foodsocialceremonial,Potential
Sunflower sea star,eco_inverts_seastarsunflower_records_d,seastarsunflower,FoodSocialCeremonial,hu_ih_indigenousharvest_foodsocialceremonial,Potential
Coonstripe/dock shrimp,eco_inverts_shrimpcoonstripe_records_d,shrimpcoonstripe,FoodSocialCeremonial,hu_ih_indigenousharvest_foodsocialceremonial,Potential
Humpback shrimp ,eco_inverts_shrimphumpback_records_d,shrimphumpback,FoodSocialCeremonial,hu_ih_indigenousharvest_foodsocialceremonial,Potential
Sidestripe shrimp,eco_inverts_shrimpsidestripe_records_d,shrimpsidestripe,FoodSocialCeremonial,hu_ih_indigenousharvest_foodsocialceremonial,Potential
Smooth pink shrimp,eco_inverts_shrimpsmoothpink_records_d,shrimpsmoothpink,FoodSocialCeremonial,hu_ih_indigenousharvest_foodsocialceremonial,Potential
Spiny or northern pink shrimp,eco_inverts_shrimpspinypink_records_d,shrimpspinypink,FoodSocialCeremonial,hu_ih_indigenousharvest_foodsocialceremonial,Potential
Demospongiae,eco_inverts_sponge_trawlsyn_d,sponge,ShrimpTrawling,hu_co_demersalfishing_shrimptrawling_d,Higher Potential
Demospongiae,eco_inverts_sponge_trawlsyn_d,sponge,FoodSocialCeremonial,hu_ih_indigenousharvest_foodsocialceremonial,Potential
Demospongiae,eco_inverts_sponge_trawlsyn_d,sponge,Seafloorelectricalcommscables,hu_ot_underwaterinfrastructure_seafloorelectricalcommscables_d,Potential
Opal squid,eco_inverts_squidopal_records_d,squidopal,FoodSocialCeremonial,hu_ih_indigenousharvest_foodsocialceremonial,Potential
Deepwater grooved tanner crab,eco_inverts_tannercrabdeep_sab_d,tannercrabdeep,FoodSocialCeremonial,hu_ih_indigenousharvest_foodsocialceremonial,Potential
Green Urchin,eco_inverts_urchingreen_records_d,urchingreen,FoodSocialCeremonial,hu_ih_indigenousharvest_foodsocialceremonial,Potential
Red Urchin,eco_inverts_urchinred_records_d,urchinred,FoodSocialCeremonial,hu_ih_indigenousharvest_foodsocialceremonial,Potential
Dall's Porpoise,eco_mammals_dallsporpoise_density_d,dallsporpoise,FoodSocialCeremonial,hu_ih_indigenousharvest_foodsocialceremonial,Potential
Northern fur seal,eco_mammals_furseal_ia_d,furseal,FoodSocialCeremonial,hu_ih_indigenousharvest_foodsocialceremonial,Potential
Harbour porpoise,eco_mammals_harbourporpoise_density_d,harbourporpoise,FoodSocialCeremonial,hu_ih_indigenousharvest_foodsocialceremonial,Potential
Harbour seal,eco_mammals_harbourseal_haulouts_m,harbourseal,FoodSocialCeremonial,hu_ih_indigenousharvest_foodsocialceremonial,Potential
Humpback Whale,eco_mammals_humpbackwhale_ch_d,humpbackwhale,FoodSocialCeremonial,hu_ih_indigenousharvest_foodsocialceremonial,Potential
Humpback Whale,eco_mammals_humpbackwhale_density_d,humpbackwhale,FoodSocialCeremonial,hu_ih_indigenousharvest_foodsocialceremonial,Potential
Minke whale,eco_mammals_minkewhale_density_d,minkewhale,FoodSocialCeremonial,hu_ih_indigenousharvest_foodsocialceremonial,Potential
Northern Right Whale Dolphin,eco_mammals_northernrightwhaledolphin_density_d,northernrightwhaledolphin,FoodSocialCeremonial,hu_ih_indigenousharvest_foodsocialceremonial,Potential
Pacific white-sided dolphin,eco_mammals_pacificwhitesideddolphin_density_d,pacificwhitesideddolphin,FoodSocialCeremonial,hu_ih_indigenousharvest_foodsocialceremonial,Potential
Sea otter,eco_mammals_seaotter_ia_d,seaotter,FoodSocialCeremonial,hu_ih_indigenousharvest_foodsocialceremonial,Potential
Sea otter,eco_mammals_seaotter_modeledhabitat_d,seaotter,FoodSocialCeremonial,hu_ih_indigenousharvest_foodsocialceremonial,Potential
Steller sea lion,eco_mammals_stellersealion_hauloutswinter_m,stellersealion,FoodSocialCeremonial,hu_ih_indigenousharvest_foodsocialceremonial,Potential
Steller sea lion,eco_mammals_stellersealion_hauloutsyearround_m,stellersealion,FoodSocialCeremonial,hu_ih_indigenousharvest_foodsocialceremonial,Potential
Steller sea lion,eco_mammals_stellersealion_rookeries_m,stellersealion,FoodSocialCeremonial,hu_ih_indigenousharvest_foodsocialceremonial,Potential
Bull Kelp,eco_plants_bullkelp_biobands_d,bullkelp,FoodSocialCeremonial,hu_ih_indigenousharvest_foodsocialceremonial,Potential
Bull Kelp,eco_plants_bullkelp_polygons_d,bullkelp,FoodSocialCeremonial,hu_ih_indigenousharvest_foodsocialceremonial,Potential
Eelgrass,eco_plants_eelgrass_biobands_d,eelgrass,FoodSocialCeremonial,hu_ih_indigenousharvest_foodsocialceremonial,Potential
Eelgrass,eco_plants_eelgrass_polygons_d,eelgrass,FoodSocialCeremonial,hu_ih_indigenousharvest_foodsocialceremonial,Potential
Eelgrass,eco_plants_eelgrass_prioritypolygons_d,eelgrass,FoodSocialCeremonial,hu_ih_indigenousharvest_foodsocialceremonial,Potential
General Kelp,eco_plants_generalkelp_polygons_d,generalkelp,FoodSocialCeremonial,hu_ih_indigenousharvest_foodsocialceremonial,Potential
Giant Kelp,eco_plants_giantkelp_biobands_d,giantkelp,FoodSocialCeremonial,hu_ih_indigenousharvest_foodsocialceremonial,Potential
Giant Kelp,eco_plants_giantkelp_polygons_d,giantkelp,FoodSocialCeremonial,hu_ih_indigenousharvest_foodsocialceremonial,Potential
Surfgrass,eco_plants_surfgrass_biobands_d,surfgrass,FoodSocialCeremonial,hu_ih_indigenousharvest_foodsocialceremonial,Potential
Ancient Murrelet,eco_birds_ancientmurrelet_colonies_d,ancientmurrelet,gillnetsComHERRING,hu_co_pelagicfishing_gillnetscom_d,Higher Potential
Brandt's cormorant,eco_birds_brandtscormorant_colonies_d,brandtscormorant,gillnetsComHERRING,hu_co_pelagicfishing_gillnetscom_d,Higher Potential
Cassin's Auklet,eco_birds_cassinsauklet_colonies_d,cassinsauklet,gillnetsComHERRING,hu_co_pelagicfishing_gillnetscom_d,Potential
Common Murre,eco_birds_commonmurre_colonies_d,commonmurre,gillnetsComHERRING,hu_co_pelagicfishing_gillnetscom_d,Higher Potential
Brandt's cormorant,eco_birds_cormorant_density_m,cormorant,gillnetsComHERRING,hu_co_pelagicfishing_gillnetscom_d,Higher Potential
Brandt's cormorant,eco_birds_cormorant_densitywinter_m,cormorant,gillnetsComHERRING,hu_co_pelagicfishing_gillnetscom_d,Higher Potential
Goose/Swan,eco_birds_gooseswan_density_m,gooseswan,gillnetsCom,hu_co_pelagicfishing_gillnetscom_d,Negligible
Goose/Swan,eco_birds_gooseswan_densitywinter_m,gooseswan,gillnetsCom,hu_co_pelagicfishing_gillnetscom_d,Negligible
Great Blue Heron,eco_birds_heron_densitywinter_m,heron,gillnetsCom,hu_co_pelagicfishing_gillnetscom_d,Negligible
Great Blue Heron,eco_birds_heron_nestsforaging_m,heron,gillnetsCom,hu_co_pelagicfishing_gillnetscom_d,Negligible
Horned Puffin,eco_birds_hornedpuffin_colonies_d,hornedpuffin,gillnetsComHERRING,hu_co_pelagicfishing_gillnetscom_d,Higher Potential
Loon/Grebe,eco_birds_loongrebe_density_d,loongrebe,gillnetsComHERRING,hu_co_pelagicfishing_gillnetscom_d,Potential
Loon/Grebe,eco_birds_loongrebe_densitywinter_d,loongrebe,gillnetsComHERRING,hu_co_pelagicfishing_gillnetscom_d,Potential
Marbled Murrelet,eco_birds_mamu_density_d,mamu,gillnetsComHERRING,hu_co_pelagicfishing_gillnetscom_d,Higher Potential
Marbled Murrelet,eco_birds_mamu_densitywinter_d,mamu,gillnetsComHERRING,hu_co_pelagicfishing_gillnetscom_d,Higher Potential
Murres/Large Alcids,eco_birds_murrelgalcid_density_d,murrelgalcid,gillnetsComHERRING,hu_co_pelagicfishing_gillnetscom_d,Higher Potential
Murres/Large Alcids,eco_birds_murrelgalcid_densitywinter_d,murrelgalcid,gillnetsComHERRING,hu_co_pelagicfishing_gillnetscom_d,Higher Potential
Pelagic cormorant,eco_birds_pelagiccormorant_colonies_d,pelagiccormorant,gillnetsComHERRING,hu_co_pelagicfishing_gillnetscom_d,Potential
Storm Petrel,eco_birds_petrelphalarope_density_d,petrelphalarope,gillnetsComHERRING,hu_co_pelagicfishing_gillnetscom_d,Negligible
Pigeon Guillemot,eco_birds_pigeonguillemot_colonies_d,pigeonguillemot,gillnetsComHERRING,hu_co_pelagicfishing_gillnetscom_d,Potential
Pigeon Guillemot,eco_birds_pigeonguillemot_density_m,pigeonguillemot,gillnetsComHERRING,hu_co_pelagicfishing_gillnetscom_d,Potential
Puffins,eco_birds_puffin_density_d,puffin,gillnetsComHERRING,hu_co_pelagicfishing_gillnetscom_d,Higher Potential
Rhinoceros Auklet,eco_birds_rhinocerosauklet_colonies_d,rhinocerosauklet,gillnetsComHERRING,hu_co_pelagicfishing_gillnetscom_d,Higher Potential
"Duck, unspecified",eco_birds_seaduck_densitymoulting_d,seaduck,gillnetsComHERRING,hu_co_pelagicfishing_gillnetscom_d,Potential
"Duck, unspecified",eco_birds_seaduck_densitystaging_d,seaduck,gillnetsComHERRING,hu_co_pelagicfishing_gillnetscom_d,Potential
"Duck, unspecified",eco_birds_seaduck_densitywinter_d,seaduck,gillnetsComHERRING,hu_co_pelagicfishing_gillnetscom_d,Potential
"Duck, unspecified",eco_birds_seaduck_keysites_d,seaduck,gillnetsComHERRING,hu_co_pelagicfishing_gillnetscom_d,Potential
Shearwaters and Fulmars,eco_birds_shearwaterfulmar_density_d,shearwaterfulmar,gillnetsComHERRING,hu_co_pelagicfishing_gillnetscom_d,Higher Potential
Small Alcids,eco_birds_smallalcid_density_d,smallalcid,gillnetsComHERRING,hu_co_pelagicfishing_gillnetscom_d,Higher Potential
Small Alcids,eco_birds_smallalcid_densitywinter_d,smallalcid,gillnetsComHERRING,hu_co_pelagicfishing_gillnetscom_d,Higher Potential
Storm Petrel,eco_birds_stormpetrel_colonies_d,stormpetrel,gillnetsComHERRING,hu_co_pelagicfishing_gillnetscom_d,Negligible
Thick-billed Murre,eco_birds_thickbilledmurre_colonies_d,thickbilledmurre,gillnetsComHERRING,hu_co_pelagicfishing_gillnetscom_d,Higher Potential
Tufted Puffin,eco_birds_tuftedpuffin_colonies_d,tuftedpuffin,gillnetsComHERRING,hu_co_pelagicfishing_gillnetscom_d,Higher Potential
Eulachon,eco_fish_eulachon_spawn_d,eulachon,gillnetsCom,hu_co_pelagicfishing_gillnetscom_d,Negligible
Eulachon,eco_fish_eulachon_summer_d,eulachon,gillnetsCom,hu_co_pelagicfishing_gillnetscom_d,Negligible
Pacific herring ,eco_fish_herring_ia_d,herring,gillnetsComHERRING,hu_co_pelagicfishing_gillnetscom_d,Higher Potential
Pacific herring ,eco_fish_herring_spawn_d,herring,gillnetsComHERRING,hu_co_pelagicfishing_gillnetscom_d,Higher Potential
Pacific salmon,eco_fish_salmon_biomass_d,salmon,gillnetsComSALMON,hu_co_pelagicfishing_gillnetscom_d,Higher Potential
Chinook salmon,eco_fish_salmonchinook_diversity_d,salmonchinook,gillnetsComSALMON,hu_co_pelagicfishing_gillnetscom_d,Higher Potential
Chum salmon,eco_fish_salmonchum_diversity_d,salmonchum,gillnetsComSALMON,hu_co_pelagicfishing_gillnetscom_d,Higher Potential
Coho Salmon,eco_fish_salmoncoho_diversity_d,salmoncoho,gillnetsComSALMON,hu_co_pelagicfishing_gillnetscom_d,Higher Potential
Pink salmon (even),eco_fish_salmonpinkeven_diversity_d,salmonpinkeven,gillnetsComSALMON,hu_co_pelagicfishing_gillnetscom_d,Higher Potential
Pink salmon (odd),eco_fish_salmonpinkodd_diversity_d,salmonpinkodd,gillnetsComSALMON,hu_co_pelagicfishing_gillnetscom_d,Higher Potential
Sockeye salmon,eco_fish_salmonsockeye_diversity_d,salmonsockeye,gillnetsComSALMON,hu_co_pelagicfishing_gillnetscom_d,Higher Potential
Pacific Sand Lance,eco_fish_sandlance_syn_m,sandlance,gillnetsComHERRING,hu_co_pelagicfishing_gillnetscom_d,Negligible
Green Sturgeon,eco_fish_sturgeon_ia_d,sturgeon,gillnetsComHERRING,hu_co_pelagicfishing_gillnetscom_d,Negligible
Blue Whale,eco_mammals_bluewhale_ia_d,bluewhale,gillnetsComHERRING,hu_co_pelagicfishing_gillnetscom_d,Potential
Fin whale,eco_mammals_finwhale_density_d,finwhale,gillnetsComHERRING,hu_co_pelagicfishing_gillnetscom_d,Potential
Fin whale,eco_mammals_finwhale_hsi_d,finwhale,gillnetsComHERRING,hu_co_pelagicfishing_gillnetscom_d,Potential
Harbour porpoise,eco_mammals_harbourporpoise_density_d,harbourporpoise,gillnetsComHERRING,hu_co_pelagicfishing_gillnetscom_d,Higher Potential
Humpback Whale,eco_mammals_humpbackwhale_ch_d,humpbackwhale,gillnetsComHERRING,hu_co_pelagicfishing_gillnetscom_d,Potential
Humpback Whale,eco_mammals_humpbackwhale_density_d,humpbackwhale,gillnetsComHERRING,hu_co_pelagicfishing_gillnetscom_d,Potential
Minke whale,eco_mammals_minkewhale_density_d,minkewhale,gillnetsComHERRING,hu_co_pelagicfishing_gillnetscom_d,Potential
Northern Right Whale Dolphin,eco_mammals_northernrightwhaledolphin_density_d,northernrightwhaledolphin,gillnetsComHERRING,hu_co_pelagicfishing_gillnetscom_d,Higher Potential
Sea otter,eco_mammals_seaotter_ia_d,seaotter,gillnetsComHERRING,hu_co_pelagicfishing_gillnetscom_d,Potential
Sea otter,eco_mammals_seaotter_modeledhabitat_d,seaotter,gillnetsComHERRING,hu_co_pelagicfishing_gillnetscom_d,Potential
Sei whale,eco_mammals_seiwhale_ia_d,seiwhale,gillnetsComHERRING,hu_co_pelagicfishing_gillnetscom_d,Potential
Arrowtooth flounder,eco_fish_arrowtooth_phmasynsab_m,arrowtooth,HookandLineRec,hu_rf_demersalfishing_hookandlinerec_d,Potential
Spiny Dogfish,eco_fish_dogfish_phmasyn_m,dogfish,HookandLineRec,hu_rf_demersalfishing_hookandlinerec_d,Potential
Pacific Halibut ,eco_fish_halibut_phmasynsab_m,halibut,HookandLineRec,hu_rf_demersalfishing_hookandlinerec_d,Higher Potential
Lingcod,eco_fish_lingcod_ccira_d,lingcod,HookandLineRec,hu_rf_demersalfishing_hookandlinerec_d,Higher Potential
Pacific Cod ,eco_fish_pacificcod_phmasyn_m,pacificcod,HookandLineRec,hu_rf_demersalfishing_hookandlinerec_d,Potential
Bocaccio,eco_fish_rockfishbocaccio_ccira_d,rockfishbocaccio,HookandLineRec,hu_rf_demersalfishing_hookandlinerec_d,Higher Potential
Bocaccio,eco_fish_rockfishbocaccio_phmasyn_m,rockfishbocaccio,HookandLineRec,hu_rf_demersalfishing_hookandlinerec_d,Higher Potential
Canary Rockfish,eco_fish_rockfishcanary_ccira_d,rockfishcanary,HookandLineRec,hu_rf_demersalfishing_hookandlinerec_d,Higher Potential
Canary Rockfish,eco_fish_rockfishcanary_phmasyn_m,rockfishcanary,HookandLineRec,hu_rf_demersalfishing_hookandlinerec_d,Higher Potential
China rockfish,eco_fish_rockfishchina_ccira_d,rockfishchina,HookandLineRec,hu_rf_demersalfishing_hookandlinerec_d,Higher Potential
China rockfish,eco_fish_rockfishchina_phma_m,rockfishchina,HookandLineRec,hu_rf_demersalfishing_hookandlinerec_d,Higher Potential
Copper rockfish,eco_fish_rockfishcopper_phmasyn_m,rockfishcopper,HookandLineRec,hu_rf_demersalfishing_hookandlinerec_d,Higher Potential
Quillback Rockfish,eco_fish_rockfishquillback_ccira_d,rockfishquillback,HookandLineRec,hu_rf_demersalfishing_hookandlinerec_d,Higher Potential
Quillback Rockfish,eco_fish_rockfishquillback_phmasyn_m,rockfishquillback,HookandLineRec,hu_rf_demersalfishing_hookandlinerec_d,Higher Potential
Tiger rockfish,eco_fish_rockfishtiger_ccira_d,rockfishtiger,HookandLineRec,hu_rf_demersalfishing_hookandlinerec_d,Higher Potential
Tiger rockfish,eco_fish_rockfishtiger_phma_m,rockfishtiger,HookandLineRec,hu_rf_demersalfishing_hookandlinerec_d,Higher Potential
Vermillion rockfish,eco_fish_rockfishvermilion_phma_m,rockfishvermilion,HookandLineRec,hu_rf_demersalfishing_hookandlinerec_d,Higher Potential
Yelloweye rockfish,eco_fish_rockfishyelloweye_ccira_d,rockfishyelloweye,HookandLineRec,hu_rf_demersalfishing_hookandlinerec_d,Potential
Yelloweye rockfish,eco_fish_rockfishyelloweye_phmasyn_m,rockfishyelloweye,HookandLineRec,hu_rf_demersalfishing_hookandlinerec_d,Potential
Yellowtail rockfish,eco_fish_rockfishyellowtail_phmasyn_m,rockfishyellowtail,HookandLineRec,hu_rf_demersalfishing_hookandlinerec_d,Higher Potential
Big Skate ,eco_fish_skatebig_phmasyn_m,skatebig,HookandLineRec,hu_rf_demersalfishing_hookandlinerec_d,Potential
Dover sole ,eco_fish_soledover_syn_m,soledover,HookandLineRec,hu_rf_demersalfishing_hookandlinerec_d,Potential
Petrale sole ,eco_fish_solepetrale_syn_m,solepetrale,HookandLineRec,hu_rf_demersalfishing_hookandlinerec_d,Potential
Rex Sole,eco_fish_solerex_syn_m,solerex,HookandLineRec,hu_rf_demersalfishing_hookandlinerec_d,Potential
Rock sole ,eco_fish_solerock_phmasyn_m,solerock,HookandLineRec,hu_rf_demersalfishing_hookandlinerec_d,Potential
Estuaries,eco_areas_estuaries_polygons_d,estuaries,IntertidalHandPickDigCom,hu_co_intertidalhandpickingdigging_intertidalhandpickdigcom_d,Potential
Bottom Patches,eco_coarse_bottompatches_polygonssoft_d,bottompatches,IntertidalHandPickDigCom,hu_co_intertidalhandpickingdigging_intertidalhandpickdigcom_d,Potential
Butter clams,eco_inverts_clambutter_records_d,clambutter,IntertidalHandPickDigCom,hu_co_intertidalhandpickingdigging_intertidalhandpickdigcom_d,Higher Potential
Littleneck clam,eco_inverts_clamlittleneck_records_d,clamlittleneck,IntertidalHandPickDigCom,hu_co_intertidalhandpickingdigging_intertidalhandpickdigcom_d,Higher Potential
Razor clam,eco_inverts_clamrazor_ia_d,clamrazor,IntertidalHandPickDigCom,hu_co_intertidalhandpickingdigging_intertidalhandpickdigcom_d,Higher Potential
Estuaries,eco_areas_estuaries_polygons_d,estuaries,IntertidalHandPickDigRec,hu_rf_intertidalhandpickingdigging_intertidalhandpickdigrec_d,Potential
Butter clams,eco_inverts_clambutter_records_d,clambutter,IntertidalHandPickDigRec,hu_rf_intertidalhandpickingdigging_intertidalhandpickdigrec_d,Potential
Horse clam,eco_inverts_clamhorse_records_d,clamhorse,IntertidalHandPickDigRec,hu_rf_intertidalhandpickingdigging_intertidalhandpickdigrec_d,Potential
Littleneck clam,eco_inverts_clamlittleneck_records_d,clamlittleneck,IntertidalHandPickDigRec,hu_rf_intertidalhandpickingdigging_intertidalhandpickdigrec_d,Potential
Razor clam,eco_inverts_clamrazor_ia_d,clamrazor,IntertidalHandPickDigRec,hu_rf_intertidalhandpickingdigging_intertidalhandpickdigrec_d,Potential
Cockles,eco_inverts_cockle_records_d,cockle,IntertidalHandPickDigRec,hu_rf_intertidalhandpickingdigging_intertidalhandpickdigrec_d,Potential
Geoduck,eco_inverts_geoduck_records_d,geoduck,IntertidalHandPickDigRec,hu_rf_intertidalhandpickingdigging_intertidalhandpickdigrec_d,Potential
Olympia Oyster,eco_inverts_olympiaoyster_records_d,olympiaoyster,IntertidalHandPickDigRec,hu_rf_intertidalhandpickingdigging_intertidalhandpickdigrec_d,Negligible
Estuaries,eco_areas_estuaries_polygons_d,estuaries,InvertTrapComCRAB,hu_co_demersalfishing_inverttrapcom_d,Potential
Bottom patches,eco_coarse_bottompatches_polygonshard_d,bottompatches,InvertTrapComCRAB,hu_co_demersalfishing_inverttrapcom_d,Potential
Bottom patches,eco_coarse_bottompatches_polygonshard_d,bottompatches,InvertTrapComPRAWN,hu_co_demersalfishing_inverttrapcom_d,Potential
China rockfish,eco_fish_rockfishchina_ccira_d,rockfishchina,InvertTrapCom,hu_co_demersalfishing_inverttrapcom_d,Negligible
China rockfish,eco_fish_rockfishchina_phma_m,rockfishchina,InvertTrapCom,hu_co_demersalfishing_inverttrapcom_d,Negligible
Copper rockfish,eco_fish_rockfishcopper_phmasyn_m,rockfishcopper,InvertTrapComPRAWN,hu_co_demersalfishing_inverttrapcom_d,Potential
Greenstriped rockfish,eco_fish_rockfishgreenstriped_phmasyn_m,rockfishgreenstriped,InvertTrapComPRAWN,hu_co_demersalfishing_inverttrapcom_d,Potential
Quillback Rockfish,eco_fish_rockfishquillback_ccira_d,rockfishquillback,InvertTrapComPRAWN,hu_co_demersalfishing_inverttrapcom_d,Potential
Quillback Rockfish,eco_fish_rockfishquillback_phmasyn_m,rockfishquillback,InvertTrapComPRAWN,hu_co_demersalfishing_inverttrapcom_d,Potential
Tiger rockfish,eco_fish_rockfishtiger_ccira_d,rockfishtiger,InvertTrapComPRAWN,hu_co_demersalfishing_inverttrapcom_d,Potential
Tiger rockfish,eco_fish_rockfishtiger_phma_m,rockfishtiger,InvertTrapComPRAWN,hu_co_demersalfishing_inverttrapcom_d,Potential
Yelloweye rockfish,eco_fish_rockfishyelloweye_ccira_d,rockfishyelloweye,InvertTrapComPRAWN,hu_co_demersalfishing_inverttrapcom_d,Potential
Yelloweye rockfish,eco_fish_rockfishyelloweye_phmasyn_m,rockfishyelloweye,InvertTrapComPRAWN,hu_co_demersalfishing_inverttrapcom_d,Potential
Soft corals,eco_inverts_alcyonacea_model_d,alcyonacea,InvertTrapComPRAWN,hu_co_demersalfishing_inverttrapcom_d,Potential
Black corals,eco_inverts_antipatharia_model_d,antipatharia,InvertTrapComPRAWN,hu_co_demersalfishing_inverttrapcom_d,Potential
Corals,eco_inverts_coral_trawlsyn_d,coral,InvertTrapComPRAWN,hu_co_demersalfishing_inverttrapcom_d,Potential
Corals,eco_inverts_coralhotspot_ccira,coral,InvertTrapComPRAWN,hu_co_demersalfishing_inverttrapcom_d,Potential
Dungeness crab ,eco_inverts_dungeness_ia_d,dungeness,InvertTrapComCRAB,hu_co_demersalfishing_inverttrapcom_d,Higher Potential
Dungeness crab ,eco_inverts_dungeness_records_d,dungeness,InvertTrapComCRAB,hu_co_demersalfishing_inverttrapcom_d,Higher Potential
Giant pacific octopus,eco_inverts_octopusgiantpacific_records_d,octopusgiantpacific,InvertTrapComCRAB,hu_co_demersalfishing_inverttrapcom_d,Potential
Giant pacific octopus,eco_inverts_octopusgiantpacific_records_d,octopusgiantpacific,InvertTrapComPRAWN,hu_co_demersalfishing_inverttrapcom_d,Potential
Sea pens,eco_inverts_pennatulacea_model_d,pennatulacea,InvertTrapComCRAB,hu_co_demersalfishing_inverttrapcom_d,Potential
Sea pens,eco_inverts_pennatulacea_model_d,pennatulacea,InvertTrapComPRAWN,hu_co_demersalfishing_inverttrapcom_d,Potential
Sea pens,eco_inverts_pennatulacea_trawlsyn_d,pennatulacea,InvertTrapComCRAB,hu_co_demersalfishing_inverttrapcom_d,Potential
Sea pens,eco_inverts_pennatulacea_trawlsyn_d,pennatulacea,InvertTrapComPRAWN,hu_co_demersalfishing_inverttrapcom_d,Potential
Prawn ,eco_inverts_prawn_records_d,prawn,InvertTrapComPRAWN,hu_co_demersalfishing_inverttrapcom_d,Higher Potential
Hand or stony corals,eco_inverts_scleractinia_model_d,scleractinia,InvertTrapComPRAWN,hu_co_demersalfishing_inverttrapcom_d,Potential
Coonstripe/dock shrimp,eco_inverts_shrimpcoonstripe_records_d,shrimpcoonstripe,InvertTrapComPRAWN,hu_co_demersalfishing_inverttrapcom_d,Potential
Humpback shrimp ,eco_inverts_shrimphumpback_records_d,shrimphumpback,InvertTrapComPRAWN,hu_co_demersalfishing_inverttrapcom_d,Higher Potential
Sidestripe shrimp,eco_inverts_shrimpsidestripe_records_d,shrimpsidestripe,InvertTrapCom,hu_co_demersalfishing_inverttrapcom_d,Negligible
Spiny or northern pink shrimp,eco_inverts_shrimpspinypink_records_d,shrimpspinypink,InvertTrapCom,hu_co_demersalfishing_inverttrapcom_d,Negligible
Demospongiae,eco_inverts_sponge_trawlsyn_d,sponge,TrapRecCRAB,hu_rf_demersalfishing_traprec_d,Higher Potential
Demospongiae,eco_inverts_sponge_trawlsyn_d,sponge,TrapRecPRAWN,hu_rf_demersalfishing_traprec_d,Higher Potential
Sponge,eco_inverts_spongehotspot_ccira,sponge,OpenNetPens,hu_aq_finfishaquaculture_opennetpens_d,Higher Potential
Sponge,eco_inverts_spongehotspot_ccira,sponge,BottomLongline,hu_co_demersalfishing_bottomlongline_d,Potential
Sponge,eco_inverts_spongehotspot_ccira,sponge,BottomTrawling,hu_co_demersalfishing_bottomtrawling_d,Higher Potential
Sponge,eco_inverts_spongehotspot_ccira,sponge,InvertTrapComCRAB,hu_co_demersalfishing_inverttrapcom_d,Higher Potential
Deepwater grooved tanner crab,eco_inverts_tannercrabdeep_sab_d,tannercrabdeep,InvertTrapComCRAB,hu_co_demersalfishing_inverttrapcom_d,Higher Potential
Humpback Whale,eco_mammals_humpbackwhale_ch_d,humpbackwhale,InvertTrapComCRAB,hu_co_demersalfishing_inverttrapcom_d,Potential
Estuaries,eco_areas_estuaries_polygons_d,estuaries,LargeVesselsCargo,hu_tr_largevesselscargoandcruiseships_largevesselscargo_d,Potential
Black Oystercatcher,eco_birds_blackoystercatcher_nestingsites_d,blackoystercatcher,LargeVesselsCargo,hu_tr_largevesselscargoandcruiseships_largevesselscargo_d,Potential
Brandt's cormorant,eco_birds_brandtscormorant_colonies_d,brandtscormorant,LargeVesselsCargo,hu_tr_largevesselscargoandcruiseships_largevesselscargo_d,Potential
Double-crested cormorant,eco_birds_cormorant_density_m,cormorant,LargeVesselsCargo,hu_tr_largevesselscargoandcruiseships_largevesselscargo_d,Potential
Unspecified Cormorant  ,eco_birds_cormorant_densitywinter_m,cormorant,LargeVesselsCargo,hu_tr_largevesselscargoandcruiseships_largevesselscargo_d,Potential
Goose/Swan,eco_birds_gooseswan_density_m,gooseswan,LargeVesselsCargo,hu_tr_largevesselscargoandcruiseships_largevesselscargo_d,Potential
Goose/Swan,eco_birds_gooseswan_densitywinter_m,gooseswan,LargeVesselsCargo,hu_tr_largevesselscargoandcruiseships_largevesselscargo_d,Potential
Gulls,eco_birds_gull_density_m,gull,LargeVesselsCargo,hu_tr_largevesselscargoandcruiseships_largevesselscargo_d,Potential
Gulls,eco_birds_gull_densitywinter_m,gull,LargeVesselsCargo,hu_tr_largevesselscargoandcruiseships_largevesselscargo_d,Potential
Great Blue Heron,eco_birds_heron_densitywinter_m,heron,LargeVesselsCargo,hu_tr_largevesselscargoandcruiseships_largevesselscargo_d,Potential
Great Blue Heron,eco_birds_heron_nestsforaging_m,heron,LargeVesselsCargo,hu_tr_largevesselscargoandcruiseships_largevesselscargo_d,Potential
Loon/Grebe,eco_birds_loongrebe_density_d,loongrebe,LargeVesselsCargo,hu_tr_largevesselscargoandcruiseships_largevesselscargo_d,Potential
Loon/Grebe,eco_birds_loongrebe_densitywinter_d,loongrebe,LargeVesselsCargo,hu_tr_largevesselscargoandcruiseships_largevesselscargo_d,Potential
Marbled Murrelet,eco_birds_mamu_density_d,mamu,LargeVesselsCargo,hu_tr_largevesselscargoandcruiseships_largevesselscargo_d,Potential
Marbled Murrelet,eco_birds_mamu_densitywinter_d,mamu,LargeVesselsCargo,hu_tr_largevesselscargoandcruiseships_largevesselscargo_d,Potential
Pelagic cormorant,eco_birds_pelagiccormorant_colonies_d,pelagiccormorant,LargeVesselsCargo,hu_tr_largevesselscargoandcruiseships_largevesselscargo_d,Potential
"Sea duck, unspecified",eco_birds_seaduck_densitymoulting_d,seaduck,LargeVesselsCargo,hu_tr_largevesselscargoandcruiseships_largevesselscargo_d,Potential
"Sea duck, unspecified",eco_birds_seaduck_densitystaging_d,seaduck,LargeVesselsCargo,hu_tr_largevesselscargoandcruiseships_largevesselscargo_d,Potential
"Sea duck, unspecified",eco_birds_seaduck_densitywinter_d,seaduck,LargeVesselsCargo,hu_tr_largevesselscargoandcruiseships_largevesselscargo_d,Potential
"Sea duck, unspecified",eco_birds_seaduck_keysites_d,seaduck,LargeVesselsCargo,hu_tr_largevesselscargoandcruiseships_largevesselscargo_d,Potential
Shorebird (rocky),eco_birds_shorebirdrock_density_d,shorebirdrock,LargeVesselsCargo,hu_tr_largevesselscargoandcruiseships_largevesselscargo_d,Potential
Shorebird (sand),eco_birds_shorebirdsand_density_d,shorebirdsand,LargeVesselsCargo,hu_tr_largevesselscargoandcruiseships_largevesselscargo_d,Potential
Shorebird (sand),eco_birds_shorebirdsand_keysites_d,shorebirdsand,LargeVesselsCargo,hu_tr_largevesselscargoandcruiseships_largevesselscargo_d,Potential
Bottom Patches,eco_coarse_bottompatches_polygonssoft_d,bottompatches,LargeVesselsCargo,hu_tr_largevesselscargoandcruiseships_largevesselscargo_d,Potential
Pacific hake ,eco_fish_hake_biomass_d,hake,LargeVesselsCargo,hu_tr_largevesselscargoandcruiseships_largevesselscargo_d,Potential
Pacific Cod ,eco_fish_pacificcod_phmasyn_m,pacificcod,LargeVesselsCargo,hu_tr_largevesselscargoandcruiseships_largevesselscargo_d,Potential
Pacific Ocean perch ,eco_fish_pacificoceanperch_syn_m,pacificoceanperch,LargeVesselsCargo,hu_tr_largevesselscargoandcruiseships_largevesselscargo_d,Potential
Walleye Pollock ,eco_fish_pollock_syn_m,pollock,LargeVesselsCargo,hu_tr_largevesselscargoandcruiseships_largevesselscargo_d,Potential
Bocaccio,eco_fish_rockfishbocaccio_ccira_d,rockfishbocaccio,LargeVesselsCargo,hu_tr_largevesselscargoandcruiseships_largevesselscargo_d,Potential
Bocaccio,eco_fish_rockfishbocaccio_phmasyn_m,rockfishbocaccio,LargeVesselsCargo,hu_tr_largevesselscargoandcruiseships_largevesselscargo_d,Potential
Canary Rockfish,eco_fish_rockfishcanary_ccira_d,rockfishcanary,LargeVesselsCargo,hu_tr_largevesselscargoandcruiseships_largevesselscargo_d,Potential
Canary Rockfish,eco_fish_rockfishcanary_phmasyn_m,rockfishcanary,LargeVesselsCargo,hu_tr_largevesselscargoandcruiseships_largevesselscargo_d,Potential
China rockfish,eco_fish_rockfishchina_ccira_d,rockfishchina,LargeVesselsCargo,hu_tr_largevesselscargoandcruiseships_largevesselscargo_d,Potential
China rockfish,eco_fish_rockfishchina_phma_m,rockfishchina,LargeVesselsCargo,hu_tr_largevesselscargoandcruiseships_largevesselscargo_d,Potential
Copper rockfish,eco_fish_rockfishcopper_phmasyn_m,rockfishcopper,LargeVesselsCargo,hu_tr_largevesselscargoandcruiseships_largevesselscargo_d,Potential
Darkblotched rockfish,eco_fish_rockfishdarkblotched_syn_m,rockfishdarkblotched,LargeVesselsCargo,hu_tr_largevesselscargoandcruiseships_largevesselscargo_d,Potential
Greenstriped rockfish,eco_fish_rockfishgreenstriped_phmasyn_m,rockfishgreenstriped,LargeVesselsCargo,hu_tr_largevesselscargoandcruiseships_largevesselscargo_d,Potential
Quillback Rockfish,eco_fish_rockfishquillback_ccira_d,rockfishquillback,LargeVesselsCargo,hu_tr_largevesselscargoandcruiseships_largevesselscargo_d,Potential
Quillback Rockfish,eco_fish_rockfishquillback_phmasyn_m,rockfishquillback,LargeVesselsCargo,hu_tr_largevesselscargoandcruiseships_largevesselscargo_d,Potential
Redstripe rockfish,eco_fish_rockfishredstripe_syn_m,rockfishredstripe,LargeVesselsCargo,hu_tr_largevesselscargoandcruiseships_largevesselscargo_d,Potential
Rosethorn rockfish,eco_fish_rockfishrosethorn_ccira_d,rockfishrosethorn,LargeVesselsCargo,hu_tr_largevesselscargoandcruiseships_largevesselscargo_d,Potential
Rosethorn rockfish,eco_fish_rockfishrosethorn_phmasyn_m,rockfishrosethorn,LargeVesselsCargo,hu_tr_largevesselscargoandcruiseships_largevesselscargo_d,Potential
Rougheye/Blackspotted Rockfish,eco_fish_rockfishrougheyeblackspotted_phmasyn_m,rockfishrougheyeblackspotted,LargeVesselsCargo,hu_tr_largevesselscargoandcruiseships_largevesselscargo_d,Potential
Shortraker rockfish,eco_fish_rockfishshortraker_phmasyn_m,rockfishshortraker,LargeVesselsCargo,hu_tr_largevesselscargoandcruiseships_largevesselscargo_d,Potential
Silvergray rockfish,eco_fish_rockfishsilvergray_ccira_d,rockfishsilvergray,LargeVesselsCargo,hu_tr_largevesselscargoandcruiseships_largevesselscargo_d,Potential
Silvergray rockfish,eco_fish_rockfishsilvergray_phmasyn_m,rockfishsilvergray,LargeVesselsCargo,hu_tr_largevesselscargoandcruiseships_largevesselscargo_d,Potential
Tiger rockfish,eco_fish_rockfishtiger_ccira_d,rockfishtiger,LargeVesselsCargo,hu_tr_largevesselscargoandcruiseships_largevesselscargo_d,Potential
Tiger rockfish,eco_fish_rockfishtiger_phma_m,rockfishtiger,LargeVesselsCargo,hu_tr_largevesselscargoandcruiseships_largevesselscargo_d,Potential
Vermillion rockfish,eco_fish_rockfishvermilion_phma_m,rockfishvermilion,LargeVesselsCargo,hu_tr_largevesselscargoandcruiseships_largevesselscargo_d,Potential
Widow rockfish,eco_fish_rockfishwidow_syn_m,rockfishwidow,LargeVesselsCargo,hu_tr_largevesselscargoandcruiseships_largevesselscargo_d,Potential
Yelloweye rockfish,eco_fish_rockfishyelloweye_ccira_d,rockfishyelloweye,LargeVesselsCargo,hu_tr_largevesselscargoandcruiseships_largevesselscargo_d,Potential
Yelloweye rockfish,eco_fish_rockfishyelloweye_phmasyn_m,rockfishyelloweye,LargeVesselsCargo,hu_tr_largevesselscargoandcruiseships_largevesselscargo_d,Potential
Yellowmouth rockfish ,eco_fish_rockfishyellowmouth_phmasyn_m,rockfishyellowmouth,LargeVesselsCargo,hu_tr_largevesselscargoandcruiseships_largevesselscargo_d,Potential
Yellowtail rockfish ,eco_fish_rockfishyellowtail_phmasyn_m,rockfishyellowtail,LargeVesselsCargo,hu_tr_largevesselscargoandcruiseships_largevesselscargo_d,Potential
Longspine Thornyhead,eco_fish_thornyheadlongspine_syn_m,thornyheadlongspine,LargeVesselsCargo,hu_tr_largevesselscargoandcruiseships_largevesselscargo_d,Potential
Shortspine Thornyhead,eco_fish_thornyheadshortspine_syn_m,thornyheadshortspine,LargeVesselsCargo,hu_tr_largevesselscargoandcruiseships_largevesselscargo_d,Potential
Butter clams,eco_inverts_clambutter_records_d,clambutter,LargeVesselsCargo,hu_tr_largevesselscargoandcruiseships_largevesselscargo_d,Potential
Horse clam,eco_inverts_clamhorse_records_d,clamhorse,LargeVesselsCargo,hu_tr_largevesselscargoandcruiseships_largevesselscargo_d,Potential
Littleneck clam,eco_inverts_clamlittleneck_records_d,clamlittleneck,LargeVesselsCargo,hu_tr_largevesselscargoandcruiseships_largevesselscargo_d,Potential
Razor clam,eco_inverts_clamrazor_ia_d,clamrazor,LargeVesselsCargo,hu_tr_largevesselscargoandcruiseships_largevesselscargo_d,Potential
Cockles,eco_inverts_cockle_records_d,cockle,LargeVesselsCargo,hu_tr_largevesselscargoandcruiseships_largevesselscargo_d,Potential
Dungeness crab ,eco_inverts_dungeness_ia_d,dungeness,LargeVesselsCargo,hu_tr_largevesselscargoandcruiseships_largevesselscargo_d,Potential
Dungeness crab ,eco_inverts_dungeness_records_d,dungeness,LargeVesselsCargo,hu_tr_largevesselscargoandcruiseships_largevesselscargo_d,Potential
Geoduck,eco_inverts_geoduck_records_d,geoduck,LargeVesselsCargo,hu_tr_largevesselscargoandcruiseships_largevesselscargo_d,Potential
Deepwater grooved tanner crab,eco_inverts_tannercrabdeep_sab_d,tannercrabdeep,LargeVesselsCargo,hu_tr_largevesselscargoandcruiseships_largevesselscargo_d,Potential
Blue Whale,eco_mammals_bluewhale_ia_d,bluewhale,LargeVesselsCargo,hu_tr_largevesselscargoandcruiseships_largevesselscargo_d,Potential
California sea lion,eco_mammals_californiasealion_haulouts_d,californiasealion,LargeVesselsCargo,hu_tr_largevesselscargoandcruiseships_largevesselscargo_d,Potential
Dall's Porpoise,eco_mammals_dallsporpoise_density_d,dallsporpoise,LargeVesselsCargo,hu_tr_largevesselscargoandcruiseships_largevesselscargo_d,Potential
Fin whale,eco_mammals_finwhale_density_d,finwhale,LargeVesselsCargo,hu_tr_largevesselscargoandcruiseships_largevesselscargo_d,Higher Potential
Fin whale,eco_mammals_finwhale_hsi_d,finwhale,LargeVesselsCargo,hu_tr_largevesselscargoandcruiseships_largevesselscargo_d,Higher Potential
Northern fur seal,eco_mammals_furseal_ia_d,furseal,LargeVesselsCargo,hu_tr_largevesselscargoandcruiseships_largevesselscargo_d,Potential
Grey Whale,eco_mammals_greywhale_density_d,greywhale,LargeVesselsCargo,hu_tr_largevesselscargoandcruiseships_largevesselscargo_d,Potential
Grey Whale,eco_mammals_greywhale_migrationroute_d,greywhale,LargeVesselsCargo,hu_tr_largevesselscargoandcruiseships_largevesselscargo_d,Potential
Harbour porpoise,eco_mammals_harbourporpoise_density_d,harbourporpoise,LargeVesselsCargo,hu_tr_largevesselscargoandcruiseships_largevesselscargo_d,Potential
Harbour seal,eco_mammals_harbourseal_haulouts_m,harbourseal,LargeVesselsCargo,hu_tr_largevesselscargoandcruiseships_largevesselscargo_d,Potential
Humpback Whale,eco_mammals_humpbackwhale_ch_d,humpbackwhale,LargeVesselsCargo,hu_tr_largevesselscargoandcruiseships_largevesselscargo_d,Potential
Humpback Whale,eco_mammals_humpbackwhale_density_d,humpbackwhale,LargeVesselsCargo,hu_tr_largevesselscargoandcruiseships_largevesselscargo_d,Potential
Orca NE Pacific Northern Residents,eco_mammals_killerwhaleresident_ch_d,killerwhaleresident,LargeVesselsCargo,hu_tr_largevesselscargoandcruiseships_largevesselscargo_d,Potential
Orca NE Pacific Northern Residents,eco_mammals_killerwhaleresident_ia_d,killerwhaleresident,LargeVesselsCargo,hu_tr_largevesselscargoandcruiseships_largevesselscargo_d,Potential
Orca NE Pacific Northern Residents,eco_mammals_killerwhaleresident_potentialch_d,killerwhaleresident,LargeVesselsCargo,hu_tr_largevesselscargoandcruiseships_largevesselscargo_d,Potential
Orca NE Pacific Transients,eco_mammals_killerwhaletransient_hsi_d,killerwhaletransient,LargeVesselsCargo,hu_tr_largevesselscargoandcruiseships_largevesselscargo_d,Potential
Minke whale,eco_mammals_minkewhale_density_d,minkewhale,LargeVesselsCargo,hu_tr_largevesselscargoandcruiseships_largevesselscargo_d,Higher Potential
Northern Right Whale Dolphin,eco_mammals_northernrightwhaledolphin_density_d,northernrightwhaledolphin,LargeVesselsCargo,hu_tr_largevesselscargoandcruiseships_largevesselscargo_d,Potential
Pacific white-sided dolphin,eco_mammals_pacificwhitesideddolphin_density_d,pacificwhitesideddolphin,LargeVesselsCargo,hu_tr_largevesselscargoandcruiseships_largevesselscargo_d,Potential
Sea otter,eco_mammals_seaotter_ia_d,seaotter,LargeVesselsCargo,hu_tr_largevesselscargoandcruiseships_largevesselscargo_d,Potential
Sea otter,eco_mammals_seaotter_modeledhabitat_d,seaotter,LargeVesselsCargo,hu_tr_largevesselscargoandcruiseships_largevesselscargo_d,Potential
Sei whale,eco_mammals_seiwhale_ia_d,seiwhale,LargeVesselsCargo,hu_tr_largevesselscargoandcruiseships_largevesselscargo_d,Higher Potential
Steller sea lion,eco_mammals_stellersealion_hauloutswinter_m,stellersealion,LargeVesselsCargo,hu_tr_largevesselscargoandcruiseships_largevesselscargo_d,Potential
Steller sea lion,eco_mammals_stellersealion_hauloutsyearround_m,stellersealion,LargeVesselsCargo,hu_tr_largevesselscargoandcruiseships_largevesselscargo_d,Potential
Steller sea lion,eco_mammals_stellersealion_rookeries_m,stellersealion,LargeVesselsCargo,hu_tr_largevesselscargoandcruiseships_largevesselscargo_d,Potential
Leatherback sea turtle,eco_reptiles_leatherbackturtle_ia_d,leatherbackturtle,LargeVesselsCargo,hu_tr_largevesselscargoandcruiseships_largevesselscargo_d,Potential
Estuaries,eco_areas_estuaries_polygons_d,estuaries,Logstorageandhand,hu_ot_loghandlingstorageandtransportation_logstorageandhand_d,Potential
Pacific salmon,eco_fish_salmon_biomass_d,salmon,Logstorageandhand,hu_ot_loghandlingstorageandtransportation_logstorageandhand_d,Potential
Chinook salmon,eco_fish_salmonchinook_diversity_d,salmonchinook,Logstorageandhand,hu_ot_loghandlingstorageandtransportation_logstorageandhand_d,Potential
Chum salmon,eco_fish_salmonchum_diversity_d,salmonchum,Logstorageandhand,hu_ot_loghandlingstorageandtransportation_logstorageandhand_d,Potential
Coho Salmon,eco_fish_salmoncoho_diversity_d,salmoncoho,Logstorageandhand,hu_ot_loghandlingstorageandtransportation_logstorageandhand_d,Potential
Pink salmon (even),eco_fish_salmonpinkeven_diversity_d,salmonpinkeven,Logstorageandhand,hu_ot_loghandlingstorageandtransportation_logstorageandhand_d,Potential
Pink salmon (odd),eco_fish_salmonpinkodd_diversity_d,salmonpinkodd,Logstorageandhand,hu_ot_loghandlingstorageandtransportation_logstorageandhand_d,Potential
Sockeye salmon,eco_fish_salmonsockeye_diversity_d,salmonsockeye,Logstorageandhand,hu_ot_loghandlingstorageandtransportation_logstorageandhand_d,Potential
Butter clams,eco_inverts_clambutter_records_d,clambutter,Logstorageandhand,hu_ot_loghandlingstorageandtransportation_logstorageandhand_d,Higher Potential
Horse clam,eco_inverts_clamhorse_records_d,clamhorse,Logstorageandhand,hu_ot_loghandlingstorageandtransportation_logstorageandhand_d,Higher Potential
Littleneck clam,eco_inverts_clamlittleneck_records_d,clamlittleneck,Logstorageandhand,hu_ot_loghandlingstorageandtransportation_logstorageandhand_d,Higher Potential
Razor clam,eco_inverts_clamrazor_ia_d,clamrazor,Logstorageandhand,hu_ot_loghandlingstorageandtransportation_logstorageandhand_d,Higher Potential
Cockles,eco_inverts_cockle_records_d,cockle,Logstorageandhand,hu_ot_loghandlingstorageandtransportation_logstorageandhand_d,Higher Potential
Dungeness crab ,eco_inverts_dungeness_ia_d,dungeness,Logstorageandhand,hu_ot_loghandlingstorageandtransportation_logstorageandhand_d,Potential
Dungeness crab ,eco_inverts_dungeness_records_d,dungeness,Logstorageandhand,hu_ot_loghandlingstorageandtransportation_logstorageandhand_d,Potential
Geoduck,eco_inverts_geoduck_records_d,geoduck,Logstorageandhand,hu_ot_loghandlingstorageandtransportation_logstorageandhand_d,Higher Potential
Ochre star,eco_inverts_seastarochre_records_d,seastarochre,Logstorageandhand,hu_ot_loghandlingstorageandtransportation_logstorageandhand_d,Higher Potential
Sunflower sea star,eco_inverts_seastarsunflower_records_d,seastarsunflower,Logstorageandhand,hu_ot_loghandlingstorageandtransportation_logstorageandhand_d,Higher Potential
Eelgrass,eco_plants_eelgrass_biobands_d,eelgrass,Logstorageandhand,hu_ot_loghandlingstorageandtransportation_logstorageandhand_d,Higher Potential
Eelgrass,eco_plants_eelgrass_polygons_d,eelgrass,Logstorageandhand,hu_ot_loghandlingstorageandtransportation_logstorageandhand_d,Higher Potential
Eelgrass,eco_plants_eelgrass_prioritypolygons_d,eelgrass,Logstorageandhand,hu_ot_loghandlingstorageandtransportation_logstorageandhand_d,Higher Potential
Surfgrass,eco_plants_surfgrass_biobands_d,surfgrass,Logstorageandhand,hu_ot_loghandlingstorageandtransportation_logstorageandhand_d,Higher Potential
Estuaries,eco_areas_estuaries_polygons_d,estuaries,MotorizedRecBoating,hu_re_motorizedrecreationalboating_motorizedrecboating_d,Higher Potential
Ancient Murrelet,eco_birds_ancientmurrelet_colonies_d,ancientmurrelet,MotorizedRecBoating,hu_re_motorizedrecreationalboating_motorizedrecboating_d,Potential
Black Oystercatcher,eco_birds_blackoystercatcher_nestingsites_d,blackoystercatcher,MotorizedRecBoating,hu_re_motorizedrecreationalboating_motorizedrecboating_d,Potential
Brandt's cormorant,eco_birds_brandtscormorant_colonies_d,brandtscormorant,MotorizedRecBoating,hu_re_motorizedrecreationalboating_motorizedrecboating_d,Potential
Cassin's Auklet,eco_birds_cassinsauklet_colonies_d,cassinsauklet,MotorizedRecBoating,hu_re_motorizedrecreationalboating_motorizedrecboating_d,Potential
Common Murre,eco_birds_commonmurre_colonies_d,commonmurre,MotorizedRecBoating,hu_re_motorizedrecreationalboating_motorizedrecboating_d,Potential
Double-crested cormorant,eco_birds_cormorant_density_m,cormorant,MotorizedRecBoating,hu_re_motorizedrecreationalboating_motorizedrecboating_d,Potential
Unspecified Cormorant  ,eco_birds_cormorant_densitywinter_m,cormorant,MotorizedRecBoating,hu_re_motorizedrecreationalboating_motorizedrecboating_d,Potential
Goose/Swan,eco_birds_gooseswan_density_m,gooseswan,MotorizedRecBoating,hu_re_motorizedrecreationalboating_motorizedrecboating_d,Potential
Goose/Swan,eco_birds_gooseswan_densitywinter_m,gooseswan,MotorizedRecBoating,hu_re_motorizedrecreationalboating_motorizedrecboating_d,Potential
Great Blue Heron,eco_birds_heron_densitywinter_m,heron,MotorizedRecBoating,hu_re_motorizedrecreationalboating_motorizedrecboating_d,Potential
Great Blue Heron,eco_birds_heron_nestsforaging_m,heron,MotorizedRecBoating,hu_re_motorizedrecreationalboating_motorizedrecboating_d,Potential
Horned Puffin,eco_birds_hornedpuffin_colonies_d,hornedpuffin,MotorizedRecBoating,hu_re_motorizedrecreationalboating_motorizedrecboating_d,Potential
Loon/Grebe,eco_birds_loongrebe_density_d,loongrebe,MotorizedRecBoating,hu_re_motorizedrecreationalboating_motorizedrecboating_d,Potential
Loon/Grebe,eco_birds_loongrebe_densitywinter_d,loongrebe,MotorizedRecBoating,hu_re_motorizedrecreationalboating_motorizedrecboating_d,Potential
Marbled Murrelet,eco_birds_mamu_density_d,mamu,MotorizedRecBoating,hu_re_motorizedrecreationalboating_motorizedrecboating_d,Potential
Marbled Murrelet,eco_birds_mamu_densitywinter_d,mamu,MotorizedRecBoating,hu_re_motorizedrecreationalboating_motorizedrecboating_d,Potential
Murres/Large Alcids,eco_birds_murrelgalcid_density_d,murrelgalcid,MotorizedRecBoating,hu_re_motorizedrecreationalboating_motorizedrecboating_d,Potential
Murres/Large Alcids,eco_birds_murrelgalcid_densitywinter_d,murrelgalcid,MotorizedRecBoating,hu_re_motorizedrecreationalboating_motorizedrecboating_d,Potential
Pelagic cormorant,eco_birds_pelagiccormorant_colonies_d,pelagiccormorant,MotorizedRecBoating,hu_re_motorizedrecreationalboating_motorizedrecboating_d,Potential
Storm Petrel,eco_birds_petrelphalarope_density_d,petrelphalarope,MotorizedRecBoating,hu_re_motorizedrecreationalboating_motorizedrecboating_d,Potential
Pigeon Guillemot,eco_birds_pigeonguillemot_colonies_d,pigeonguillemot,MotorizedRecBoating,hu_re_motorizedrecreationalboating_motorizedrecboating_d,Potential
Pigeon Guillemot,eco_birds_pigeonguillemot_density_m,pigeonguillemot,MotorizedRecBoating,hu_re_motorizedrecreationalboating_motorizedrecboating_d,Potential
Puffins,eco_birds_puffin_density_d,puffin,MotorizedRecBoating,hu_re_motorizedrecreationalboating_motorizedrecboating_d,Potential
Rhinoceros Auklet,eco_birds_rhinocerosauklet_colonies_d,rhinocerosauklet,MotorizedRecBoating,hu_re_motorizedrecreationalboating_motorizedrecboating_d,Potential
"Sea duck, unspecified",eco_birds_seaduck_densitymoulting_d,seaduck,MotorizedRecBoating,hu_re_motorizedrecreationalboating_motorizedrecboating_d,Potential
"Sea duck, unspecified",eco_birds_seaduck_densitystaging_d,seaduck,MotorizedRecBoating,hu_re_motorizedrecreationalboating_motorizedrecboating_d,Potential
"Sea duck, unspecified",eco_birds_seaduck_densitywinter_d,seaduck,MotorizedRecBoating,hu_re_motorizedrecreationalboating_motorizedrecboating_d,Potential
"Sea duck, unspecified",eco_birds_seaduck_keysites_d,seaduck,MotorizedRecBoating,hu_re_motorizedrecreationalboating_motorizedrecboating_d,Potential
Shearwaters and Fulmars,eco_birds_shearwaterfulmar_density_d,shearwaterfulmar,MotorizedRecBoating,hu_re_motorizedrecreationalboating_motorizedrecboating_d,Potential
Shorebird (rocky),eco_birds_shorebirdrock_density_d,shorebirdrock,MotorizedRecBoating,hu_re_motorizedrecreationalboating_motorizedrecboating_d,Potential
Shorebird (sand),eco_birds_shorebirdsand_density_d,shorebirdsand,MotorizedRecBoating,hu_re_motorizedrecreationalboating_motorizedrecboating_d,Potential
Shorebird (sand),eco_birds_shorebirdsand_keysites_d,shorebirdsand,MotorizedRecBoating,hu_re_motorizedrecreationalboating_motorizedrecboating_d,Potential
Small Alcids,eco_birds_smallalcid_density_d,smallalcid,MotorizedRecBoating,hu_re_motorizedrecreationalboating_motorizedrecboating_d,Potential
Small Alcids,eco_birds_smallalcid_densitywinter_d,smallalcid,MotorizedRecBoating,hu_re_motorizedrecreationalboating_motorizedrecboating_d,Potential
Storm Petrel,eco_birds_stormpetrel_colonies_d,stormpetrel,MotorizedRecBoating,hu_re_motorizedrecreationalboating_motorizedrecboating_d,Potential
Thick-billed Murre,eco_birds_thickbilledmurre_colonies_d,thickbilledmurre,MotorizedRecBoating,hu_re_motorizedrecreationalboating_motorizedrecboating_d,Potential
Tufted Puffin,eco_birds_tuftedpuffin_colonies_d,tuftedpuffin,MotorizedRecBoating,hu_re_motorizedrecreationalboating_motorizedrecboating_d,Potential
Bottom patches,eco_coarse_bottompatches_polygonshard_d,bottompatches,MotorizedRecBoating,hu_re_motorizedrecreationalboating_motorizedrecboating_d,Potential
Bottom Patches,eco_coarse_bottompatches_polygonssoft_d,bottompatches,MotorizedRecBoating,hu_re_motorizedrecreationalboating_motorizedrecboating_d,Potential
Pacific hake ,eco_fish_hake_biomass_d,hake,MotorizedRecBoating,hu_re_motorizedrecreationalboating_motorizedrecboating_d,Potential
Pacific Cod ,eco_fish_pacificcod_phmasyn_m,pacificcod,MotorizedRecBoating,hu_re_motorizedrecreationalboating_motorizedrecboating_d,Potential
Pacific Ocean perch ,eco_fish_pacificoceanperch_syn_m,pacificoceanperch,MotorizedRecBoating,hu_re_motorizedrecreationalboating_motorizedrecboating_d,Potential
Walleye Pollock ,eco_fish_pollock_syn_m,pollock,MotorizedRecBoating,hu_re_motorizedrecreationalboating_motorizedrecboating_d,Potential
Bocaccio,eco_fish_rockfishbocaccio_ccira_d,rockfishbocaccio,MotorizedRecBoating,hu_re_motorizedrecreationalboating_motorizedrecboating_d,Potential
Bocaccio,eco_fish_rockfishbocaccio_phmasyn_m,rockfishbocaccio,MotorizedRecBoating,hu_re_motorizedrecreationalboating_motorizedrecboating_d,Potential
Canary Rockfish,eco_fish_rockfishcanary_ccira_d,rockfishcanary,MotorizedRecBoating,hu_re_motorizedrecreationalboating_motorizedrecboating_d,Potential
Canary Rockfish,eco_fish_rockfishcanary_phmasyn_m,rockfishcanary,MotorizedRecBoating,hu_re_motorizedrecreationalboating_motorizedrecboating_d,Potential
China rockfish,eco_fish_rockfishchina_ccira_d,rockfishchina,MotorizedRecBoating,hu_re_motorizedrecreationalboating_motorizedrecboating_d,Potential
China rockfish,eco_fish_rockfishchina_phma_m,rockfishchina,MotorizedRecBoating,hu_re_motorizedrecreationalboating_motorizedrecboating_d,Potential
Copper rockfish,eco_fish_rockfishcopper_phmasyn_m,rockfishcopper,MotorizedRecBoating,hu_re_motorizedrecreationalboating_motorizedrecboating_d,Potential
Darkblotched rockfish,eco_fish_rockfishdarkblotched_syn_m,rockfishdarkblotched,MotorizedRecBoating,hu_re_motorizedrecreationalboating_motorizedrecboating_d,Potential
Greenstriped rockfish,eco_fish_rockfishgreenstriped_phmasyn_m,rockfishgreenstriped,MotorizedRecBoating,hu_re_motorizedrecreationalboating_motorizedrecboating_d,Potential
Quillback Rockfish,eco_fish_rockfishquillback_ccira_d,rockfishquillback,MotorizedRecBoating,hu_re_motorizedrecreationalboating_motorizedrecboating_d,Potential
Quillback Rockfish,eco_fish_rockfishquillback_phmasyn_m,rockfishquillback,MotorizedRecBoating,hu_re_motorizedrecreationalboating_motorizedrecboating_d,Potential
Redstripe rockfish,eco_fish_rockfishredstripe_syn_m,rockfishredstripe,MotorizedRecBoating,hu_re_motorizedrecreationalboating_motorizedrecboating_d,Potential
Rosethorn rockfish,eco_fish_rockfishrosethorn_ccira_d,rockfishrosethorn,MotorizedRecBoating,hu_re_motorizedrecreationalboating_motorizedrecboating_d,Potential
Rosethorn rockfish,eco_fish_rockfishrosethorn_phmasyn_m,rockfishrosethorn,MotorizedRecBoating,hu_re_motorizedrecreationalboating_motorizedrecboating_d,Potential
Rougheye/Blackspotted Rockfish,eco_fish_rockfishrougheyeblackspotted_phmasyn_m,rockfishrougheyeblackspotted,MotorizedRecBoating,hu_re_motorizedrecreationalboating_motorizedrecboating_d,Potential
Shortraker rockfish,eco_fish_rockfishshortraker_phmasyn_m,rockfishshortraker,MotorizedRecBoating,hu_re_motorizedrecreationalboating_motorizedrecboating_d,Potential
Silvergray rockfish,eco_fish_rockfishsilvergray_ccira_d,rockfishsilvergray,MotorizedRecBoating,hu_re_motorizedrecreationalboating_motorizedrecboating_d,Potential
Silvergray rockfish,eco_fish_rockfishsilvergray_phmasyn_m,rockfishsilvergray,MotorizedRecBoating,hu_re_motorizedrecreationalboating_motorizedrecboating_d,Potential
Tiger rockfish,eco_fish_rockfishtiger_ccira_d,rockfishtiger,MotorizedRecBoating,hu_re_motorizedrecreationalboating_motorizedrecboating_d,Potential
Tiger rockfish,eco_fish_rockfishtiger_phma_m,rockfishtiger,MotorizedRecBoating,hu_re_motorizedrecreationalboating_motorizedrecboating_d,Potential
Vermillion rockfish,eco_fish_rockfishvermilion_phma_m,rockfishvermilion,MotorizedRecBoating,hu_re_motorizedrecreationalboating_motorizedrecboating_d,Potential
Widow rockfish,eco_fish_rockfishwidow_syn_m,rockfishwidow,MotorizedRecBoating,hu_re_motorizedrecreationalboating_motorizedrecboating_d,Potential
Yelloweye rockfish,eco_fish_rockfishyelloweye_ccira_d,rockfishyelloweye,MotorizedRecBoating,hu_re_motorizedrecreationalboating_motorizedrecboating_d,Potential
Yelloweye rockfish,eco_fish_rockfishyelloweye_phmasyn_m,rockfishyelloweye,MotorizedRecBoating,hu_re_motorizedrecreationalboating_motorizedrecboating_d,Potential
Yellowmouth rockfish ,eco_fish_rockfishyellowmouth_phmasyn_m,rockfishyellowmouth,MotorizedRecBoating,hu_re_motorizedrecreationalboating_motorizedrecboating_d,Potential
Yellowtail rockfish ,eco_fish_rockfishyellowtail_phmasyn_m,rockfishyellowtail,MotorizedRecBoating,hu_re_motorizedrecreationalboating_motorizedrecboating_d,Potential
Longspine Thornyhead,eco_fish_thornyheadlongspine_syn_m,thornyheadlongspine,MotorizedRecBoating,hu_re_motorizedrecreationalboating_motorizedrecboating_d,Potential
Shortspine Thornyhead,eco_fish_thornyheadshortspine_syn_m,thornyheadshortspine,MotorizedRecBoating,hu_re_motorizedrecreationalboating_motorizedrecboating_d,Potential
Dungeness crab ,eco_inverts_dungeness_ia_d,dungeness,MotorizedRecBoating,hu_re_motorizedrecreationalboating_motorizedrecboating_d,Potential
Dungeness crab ,eco_inverts_dungeness_records_d,dungeness,MotorizedRecBoating,hu_re_motorizedrecreationalboating_motorizedrecboating_d,Potential
Deepwater grooved tanner crab,eco_inverts_tannercrabdeep_sab_d,tannercrabdeep,MotorizedRecBoating,hu_re_motorizedrecreationalboating_motorizedrecboating_d,Potential
Blue Whale,eco_mammals_bluewhale_ia_d,bluewhale,MotorizedRecBoating,hu_re_motorizedrecreationalboating_motorizedrecboating_d,Potential
California sea lion,eco_mammals_californiasealion_haulouts_d,californiasealion,MotorizedRecBoating,hu_re_motorizedrecreationalboating_motorizedrecboating_d,Potential
Dall's Porpoise,eco_mammals_dallsporpoise_density_d,dallsporpoise,MotorizedRecBoating,hu_re_motorizedrecreationalboating_motorizedrecboating_d,Potential
Fin whale,eco_mammals_finwhale_density_d,finwhale,MotorizedRecBoating,hu_re_motorizedrecreationalboating_motorizedrecboating_d,Potential
Fin whale,eco_mammals_finwhale_hsi_d,finwhale,MotorizedRecBoating,hu_re_motorizedrecreationalboating_motorizedrecboating_d,Potential
Northern fur seal,eco_mammals_furseal_ia_d,furseal,MotorizedRecBoating,hu_re_motorizedrecreationalboating_motorizedrecboating_d,Potential
Grey Whale,eco_mammals_greywhale_density_d,greywhale,MotorizedRecBoating,hu_re_motorizedrecreationalboating_motorizedrecboating_d,Potential
Grey Whale,eco_mammals_greywhale_migrationroute_d,greywhale,MotorizedRecBoating,hu_re_motorizedrecreationalboating_motorizedrecboating_d,Potential
Harbour porpoise,eco_mammals_harbourporpoise_density_d,harbourporpoise,MotorizedRecBoating,hu_re_motorizedrecreationalboating_motorizedrecboating_d,Potential
Harbour seal,eco_mammals_harbourseal_haulouts_m,harbourseal,MotorizedRecBoating,hu_re_motorizedrecreationalboating_motorizedrecboating_d,Potential
Humpback Whale,eco_mammals_humpbackwhale_ch_d,humpbackwhale,MotorizedRecBoating,hu_re_motorizedrecreationalboating_motorizedrecboating_d,Potential
Humpback Whale,eco_mammals_humpbackwhale_density_d,humpbackwhale,MotorizedRecBoating,hu_re_motorizedrecreationalboating_motorizedrecboating_d,Potential
Orca NE Pacific Northern Residents,eco_mammals_killerwhaleresident_ch_d,killerwhaleresident,MotorizedRecBoating,hu_re_motorizedrecreationalboating_motorizedrecboating_d,Potential
Orca NE Pacific Northern Residents,eco_mammals_killerwhaleresident_ia_d,killerwhaleresident,MotorizedRecBoating,hu_re_motorizedrecreationalboating_motorizedrecboating_d,Potential
Orca NE Pacific Northern Residents,eco_mammals_killerwhaleresident_potentialch_d,killerwhaleresident,MotorizedRecBoating,hu_re_motorizedrecreationalboating_motorizedrecboating_d,Potential
Orca NE Pacific Transients,eco_mammals_killerwhaletransient_hsi_d,killerwhaletransient,MotorizedRecBoating,hu_re_motorizedrecreationalboating_motorizedrecboating_d,Potential
Minke whale,eco_mammals_minkewhale_density_d,minkewhale,MotorizedRecBoating,hu_re_motorizedrecreationalboating_motorizedrecboating_d,Higher Potential
Northern Right Whale Dolphin,eco_mammals_northernrightwhaledolphin_density_d,northernrightwhaledolphin,MotorizedRecBoating,hu_re_motorizedrecreationalboating_motorizedrecboating_d,Potential
Pacific white-sided dolphin,eco_mammals_pacificwhitesideddolphin_density_d,pacificwhitesideddolphin,MotorizedRecBoating,hu_re_motorizedrecreationalboating_motorizedrecboating_d,Potential
Sea otter,eco_mammals_seaotter_ia_d,seaotter,MotorizedRecBoating,hu_re_motorizedrecreationalboating_motorizedrecboating_d,Potential
Sea otter,eco_mammals_seaotter_modeledhabitat_d,seaotter,MotorizedRecBoating,hu_re_motorizedrecreationalboating_motorizedrecboating_d,Potential
Sei whale,eco_mammals_seiwhale_ia_d,seiwhale,MotorizedRecBoating,hu_re_motorizedrecreationalboating_motorizedrecboating_d,Higher Potential
Steller sea lion,eco_mammals_stellersealion_hauloutswinter_m,stellersealion,MotorizedRecBoating,hu_re_motorizedrecreationalboating_motorizedrecboating_d,Potential
Steller sea lion,eco_mammals_stellersealion_hauloutsyearround_m,stellersealion,MotorizedRecBoating,hu_re_motorizedrecreationalboating_motorizedrecboating_d,Potential
Steller sea lion,eco_mammals_stellersealion_rookeries_m,stellersealion,MotorizedRecBoating,hu_re_motorizedrecreationalboating_motorizedrecboating_d,Potential
Eelgrass,eco_plants_eelgrass_biobands_d,eelgrass,MotorizedRecBoating,hu_re_motorizedrecreationalboating_motorizedrecboating_d,Potential
Eelgrass,eco_plants_eelgrass_polygons_d,eelgrass,MotorizedRecBoating,hu_re_motorizedrecreationalboating_motorizedrecboating_d,Potential
Eelgrass,eco_plants_eelgrass_prioritypolygons_d,eelgrass,MotorizedRecBoating,hu_re_motorizedrecreationalboating_motorizedrecboating_d,Potential
Surfgrass,eco_plants_surfgrass_biobands_d,surfgrass,MotorizedRecBoating,hu_re_motorizedrecreationalboating_motorizedrecboating_d,Potential
Ancient Murrelet,eco_birds_ancientmurrelet_colonies_d,ancientmurrelet,NonMotorizedRecBoating,hu_re_nonmotorizedrecreationalboating_nonmotorizedrecboating_d,Higher Potential
Black Oystercatcher,eco_birds_blackoystercatcher_nestingsites_d,blackoystercatcher,NonMotorizedRecBoating,hu_re_nonmotorizedrecreationalboating_nonmotorizedrecboating_d,Potential
Cassin's Auklet,eco_birds_cassinsauklet_colonies_d,cassinsauklet,NonMotorizedRecBoating,hu_re_nonmotorizedrecreationalboating_nonmotorizedrecboating_d,Higher Potential
Common Murre,eco_birds_commonmurre_colonies_d,commonmurre,NonMotorizedRecBoating,hu_re_nonmotorizedrecreationalboating_nonmotorizedrecboating_d,Higher Potential
Goose/Swan,eco_birds_gooseswan_density_m,gooseswan,NonMotorizedRecBoating,hu_re_nonmotorizedrecreationalboating_nonmotorizedrecboating_d,Potential
Goose/Swan,eco_birds_gooseswan_densitywinter_m,gooseswan,NonMotorizedRecBoating,hu_re_nonmotorizedrecreationalboating_nonmotorizedrecboating_d,Potential
Gulls,eco_birds_gull_density_m,gull,NonMotorizedRecBoating,hu_re_nonmotorizedrecreationalboating_nonmotorizedrecboating_d,Potential
Gulls,eco_birds_gull_densitywinter_m,gull,NonMotorizedRecBoating,hu_re_nonmotorizedrecreationalboating_nonmotorizedrecboating_d,Potential
Great Blue Heron,eco_birds_heron_densitywinter_m,heron,NonMotorizedRecBoating,hu_re_nonmotorizedrecreationalboating_nonmotorizedrecboating_d,Potential
Great Blue Heron,eco_birds_heron_nestsforaging_m,heron,NonMotorizedRecBoating,hu_re_nonmotorizedrecreationalboating_nonmotorizedrecboating_d,Potential
Horned Puffin,eco_birds_hornedpuffin_colonies_d,hornedpuffin,NonMotorizedRecBoating,hu_re_nonmotorizedrecreationalboating_nonmotorizedrecboating_d,Higher Potential
Loon/Grebe,eco_birds_loongrebe_density_d,loongrebe,NonMotorizedRecBoating,hu_re_nonmotorizedrecreationalboating_nonmotorizedrecboating_d,Potential
Loon/Grebe,eco_birds_loongrebe_densitywinter_d,loongrebe,NonMotorizedRecBoating,hu_re_nonmotorizedrecreationalboating_nonmotorizedrecboating_d,Potential
Murres/Large Alcids,eco_birds_murrelgalcid_density_d,murrelgalcid,NonMotorizedRecBoating,hu_re_nonmotorizedrecreationalboating_nonmotorizedrecboating_d,Higher Potential
Murres/Large Alcids,eco_birds_murrelgalcid_densitywinter_d,murrelgalcid,NonMotorizedRecBoating,hu_re_nonmotorizedrecreationalboating_nonmotorizedrecboating_d,Higher Potential
Storm Petrel,eco_birds_petrelphalarope_density_d,petrelphalarope,NonMotorizedRecBoating,hu_re_nonmotorizedrecreationalboating_nonmotorizedrecboating_d,Higher Potential
Pigeon Guillemot,eco_birds_pigeonguillemot_colonies_d,pigeonguillemot,NonMotorizedRecBoating,hu_re_nonmotorizedrecreationalboating_nonmotorizedrecboating_d,Higher Potential
Pigeon Guillemot,eco_birds_pigeonguillemot_density_m,pigeonguillemot,NonMotorizedRecBoating,hu_re_nonmotorizedrecreationalboating_nonmotorizedrecboating_d,Higher Potential
Puffins,eco_birds_puffin_density_d,puffin,NonMotorizedRecBoating,hu_re_nonmotorizedrecreationalboating_nonmotorizedrecboating_d,Higher Potential
Rhinoceros Auklet,eco_birds_rhinocerosauklet_colonies_d,rhinocerosauklet,NonMotorizedRecBoating,hu_re_nonmotorizedrecreationalboating_nonmotorizedrecboating_d,Higher Potential
"Sea duck, unspecified",eco_birds_seaduck_densitymoulting_d,seaduck,NonMotorizedRecBoating,hu_re_nonmotorizedrecreationalboating_nonmotorizedrecboating_d,Potential
"Sea duck, unspecified",eco_birds_seaduck_densitystaging_d,seaduck,NonMotorizedRecBoating,hu_re_nonmotorizedrecreationalboating_nonmotorizedrecboating_d,Potential
"Sea duck, unspecified",eco_birds_seaduck_densitywinter_d,seaduck,NonMotorizedRecBoating,hu_re_nonmotorizedrecreationalboating_nonmotorizedrecboating_d,Potential
"Sea duck, unspecified",eco_birds_seaduck_keysites_d,seaduck,NonMotorizedRecBoating,hu_re_nonmotorizedrecreationalboating_nonmotorizedrecboating_d,Potential
Shearwaters and Fulmars,eco_birds_shearwaterfulmar_density_d,shearwaterfulmar,NonMotorizedRecBoating,hu_re_nonmotorizedrecreationalboating_nonmotorizedrecboating_d,Higher Potential
Shorebird (rocky),eco_birds_shorebirdrock_density_d,shorebirdrock,NonMotorizedRecBoating,hu_re_nonmotorizedrecreationalboating_nonmotorizedrecboating_d,Potential
Shorebird (sand),eco_birds_shorebirdsand_density_d,shorebirdsand,NonMotorizedRecBoating,hu_re_nonmotorizedrecreationalboating_nonmotorizedrecboating_d,Potential
Shorebird (sand),eco_birds_shorebirdsand_keysites_d,shorebirdsand,NonMotorizedRecBoating,hu_re_nonmotorizedrecreationalboating_nonmotorizedrecboating_d,Potential
Small Alcids,eco_birds_smallalcid_density_d,smallalcid,NonMotorizedRecBoating,hu_re_nonmotorizedrecreationalboating_nonmotorizedrecboating_d,Higher Potential
Small Alcids,eco_birds_smallalcid_densitywinter_d,smallalcid,NonMotorizedRecBoating,hu_re_nonmotorizedrecreationalboating_nonmotorizedrecboating_d,Higher Potential
Storm Petrel,eco_birds_stormpetrel_colonies_d,stormpetrel,NonMotorizedRecBoating,hu_re_nonmotorizedrecreationalboating_nonmotorizedrecboating_d,Higher Potential
Thick-billed Murre,eco_birds_thickbilledmurre_colonies_d,thickbilledmurre,NonMotorizedRecBoating,hu_re_nonmotorizedrecreationalboating_nonmotorizedrecboating_d,Higher Potential
Tufted Puffin,eco_birds_tuftedpuffin_colonies_d,tuftedpuffin,NonMotorizedRecBoating,hu_re_nonmotorizedrecreationalboating_nonmotorizedrecboating_d,Higher Potential
Estuaries,eco_areas_estuaries_polygons_d,estuaries,OffBottom,hu_aq_shellfishaquaculture_offbottom_d,Negligible
Black Oystercatcher,eco_birds_blackoystercatcher_nestingsites_d,blackoystercatcher,OffBottom,hu_aq_shellfishaquaculture_offbottom_d,Potential
Brandt's cormorant,eco_birds_brandtscormorant_colonies_d,brandtscormorant,OffBottom,hu_aq_shellfishaquaculture_offbottom_d,Potential
Unspecified Cormorant  ,eco_birds_cormorant_density_m,cormorant,OffBottom,hu_aq_shellfishaquaculture_offbottom_d,Potential
Unspecified Cormorant  ,eco_birds_cormorant_densitywinter_m,cormorant,OffBottom,hu_aq_shellfishaquaculture_offbottom_d,Potential
Loon/Grebe,eco_birds_loongrebe_density_d,loongrebe,OffBottom,hu_aq_shellfishaquaculture_offbottom_d,Potential
Loon/Grebe,eco_birds_loongrebe_densitywinter_d,loongrebe,OffBottom,hu_aq_shellfishaquaculture_offbottom_d,Potential
Marbled Murrelet,eco_birds_mamu_density_d,mamu,OffBottom,hu_aq_shellfishaquaculture_offbottom_d,Potential
Marbled Murrelet,eco_birds_mamu_densitywinter_d,mamu,OffBottom,hu_aq_shellfishaquaculture_offbottom_d,Potential
Pelagic cormorant,eco_birds_pelagiccormorant_colonies_d,pelagiccormorant,OffBottom,hu_aq_shellfishaquaculture_offbottom_d,Potential
"Sea duck, unspecified",eco_birds_seaduck_densitymoulting_d,seaduck,OffBottom,hu_aq_shellfishaquaculture_offbottom_d,Potential
"Sea duck, unspecified",eco_birds_seaduck_densitystaging_d,seaduck,OffBottom,hu_aq_shellfishaquaculture_offbottom_d,Potential
"Sea duck, unspecified",eco_birds_seaduck_densitywinter_d,seaduck,OffBottom,hu_aq_shellfishaquaculture_offbottom_d,Potential
"Sea duck, unspecified",eco_birds_seaduck_keysites_d,seaduck,OffBottom,hu_aq_shellfishaquaculture_offbottom_d,Potential
Shorebird (rocky),eco_birds_shorebirdrock_density_d,shorebirdrock,OffBottom,hu_aq_shellfishaquaculture_offbottom_d,Potential
Shorebird (sand),eco_birds_shorebirdsand_density_d,shorebirdsand,OffBottom,hu_aq_shellfishaquaculture_offbottom_d,Potential
Shorebird (sand),eco_birds_shorebirdsand_keysites_d,shorebirdsand,OffBottom,hu_aq_shellfishaquaculture_offbottom_d,Potential
Bottom Patches,eco_coarse_bottompatches_polygonssoft_d,bottompatches,OffBottom,hu_aq_shellfishaquaculture_offbottom_d,Potential
Blue Whale,eco_mammals_bluewhale_ia_d,bluewhale,OffBottom,hu_aq_shellfishaquaculture_offbottom_d,Negligible
Fin whale,eco_mammals_finwhale_density_d,finwhale,OffBottom,hu_aq_shellfishaquaculture_offbottom_d,Negligible
Fin whale,eco_mammals_finwhale_hsi_d,finwhale,OffBottom,hu_aq_shellfishaquaculture_offbottom_d,Negligible
Orca NE Pacific Northern Residents,eco_mammals_killerwhaleresident_ch_d,killerwhaleresident,OffBottom,hu_aq_shellfishaquaculture_offbottom_d,Negligible
Orca NE Pacific Northern Residents,eco_mammals_killerwhaleresident_ia_d,killerwhaleresident,OffBottom,hu_aq_shellfishaquaculture_offbottom_d,Negligible
Orca NE Pacific Northern Residents,eco_mammals_killerwhaleresident_potentialch_d,killerwhaleresident,OffBottom,hu_aq_shellfishaquaculture_offbottom_d,Negligible
Orca NE Pacific Transients,eco_mammals_killerwhaletransient_hsi_d,killerwhaletransient,OffBottom,hu_aq_shellfishaquaculture_offbottom_d,Negligible
Minke whale,eco_mammals_minkewhale_density_d,minkewhale,OffBottom,hu_aq_shellfishaquaculture_offbottom_d,Negligible
Sei whale,eco_mammals_seiwhale_ia_d,seiwhale,OffBottom,hu_aq_shellfishaquaculture_offbottom_d,Negligible
Phytoplankton,eco_plants_chlorophylla_bloom_d,chlorophylla,OffBottom,hu_aq_shellfishaquaculture_offbottom_d,Potential
Phytoplankton,eco_plants_chlorophylla_concentration_d,chlorophylla,OffBottom,hu_aq_shellfishaquaculture_offbottom_d,Potential
Eelgrass,eco_plants_eelgrass_biobands_d,eelgrass,OffBottom,hu_aq_shellfishaquaculture_offbottom_d,Negligible
Eelgrass,eco_plants_eelgrass_polygons_d,eelgrass,OffBottom,hu_aq_shellfishaquaculture_offbottom_d,Negligible
Eelgrass,eco_plants_eelgrass_prioritypolygons_d,eelgrass,OffBottom,hu_aq_shellfishaquaculture_offbottom_d,Negligible
Surfgrass,eco_plants_surfgrass_biobands_d,surfgrass,OffBottom,hu_aq_shellfishaquaculture_offbottom_d,Negligible
Estuaries,eco_areas_estuaries_polygons_d,estuaries,OpenNetPens,hu_aq_finfishaquaculture_opennetpens_d,Negligible
Great Blue Heron,eco_birds_heron_densitywinter_m,heron,OpenNetPens,hu_aq_finfishaquaculture_opennetpens_d,Negligible
Great Blue Heron,eco_birds_heron_nestsforaging_m,heron,OpenNetPens,hu_aq_finfishaquaculture_opennetpens_d,Negligible
Bottom patches,eco_coarse_bottompatches_polygonshard_d,bottompatches,OpenNetPens,hu_aq_finfishaquaculture_opennetpens_d,Potential
Bottom Patches,eco_coarse_bottompatches_polygonssoft_d,bottompatches,OpenNetPens,hu_aq_finfishaquaculture_opennetpens_d,Potential
Eulachon,eco_fish_eulachon_spawn_d,eulachon,OpenNetPens,hu_aq_finfishaquaculture_opennetpens_d,Negligible
Eulachon,eco_fish_eulachon_summer_d,eulachon,OpenNetPens,hu_aq_finfishaquaculture_opennetpens_d,Negligible
Pacific herring ,eco_fish_herring_ia_d,herring,OpenNetPens,hu_aq_finfishaquaculture_opennetpens_d,Potential
Pacific herring ,eco_fish_herring_spawn_d,herring,OpenNetPens,hu_aq_finfishaquaculture_opennetpens_d,Potential
Pacific salmon,eco_fish_salmon_biomass_d,salmon,OpenNetPens,hu_aq_finfishaquaculture_opennetpens_d,Potential
Chinook salmon,eco_fish_salmonchinook_diversity_d,salmonchinook,OpenNetPens,hu_aq_finfishaquaculture_opennetpens_d,Potential
Chum salmon,eco_fish_salmonchum_diversity_d,salmonchum,OpenNetPens,hu_aq_finfishaquaculture_opennetpens_d,Potential
Coho Salmon,eco_fish_salmoncoho_diversity_d,salmoncoho,OpenNetPens,hu_aq_finfishaquaculture_opennetpens_d,Potential
Pink salmon (even),eco_fish_salmonpinkeven_diversity_d,salmonpinkeven,OpenNetPens,hu_aq_finfishaquaculture_opennetpens_d,Potential
Pink salmon (odd),eco_fish_salmonpinkodd_diversity_d,salmonpinkodd,OpenNetPens,hu_aq_finfishaquaculture_opennetpens_d,Potential
Sockeye salmon,eco_fish_salmonsockeye_diversity_d,salmonsockeye,OpenNetPens,hu_aq_finfishaquaculture_opennetpens_d,Potential
Pacific Sand Lance,eco_fish_sandlance_syn_m,sandlance,OpenNetPens,hu_aq_finfishaquaculture_opennetpens_d,Negligible
Butter clams,eco_inverts_clambutter_records_d,clambutter,OpenNetPens,hu_aq_finfishaquaculture_opennetpens_d,Potential
Horse clam,eco_inverts_clamhorse_records_d,clamhorse,OpenNetPens,hu_aq_finfishaquaculture_opennetpens_d,Potential
Littleneck clam,eco_inverts_clamlittleneck_records_d,clamlittleneck,OpenNetPens,hu_aq_finfishaquaculture_opennetpens_d,Potential
Razor clam,eco_inverts_clamrazor_ia_d,clamrazor,OpenNetPens,hu_aq_finfishaquaculture_opennetpens_d,Potential
Cockles,eco_inverts_cockle_records_d,cockle,OpenNetPens,hu_aq_finfishaquaculture_opennetpens_d,Potential
Geoduck,eco_inverts_geoduck_records_d,geoduck,OpenNetPens,hu_aq_finfishaquaculture_opennetpens_d,Potential
Ochre star,eco_inverts_seastarochre_records_d,seastarochre,OpenNetPens,hu_aq_finfishaquaculture_opennetpens_d,Potential
Sunflower sea star,eco_inverts_seastarsunflower_records_d,seastarsunflower,OpenNetPens,hu_aq_finfishaquaculture_opennetpens_d,Potential
Sponge,eco_inverts_spongehotspot_ccira,sponge,InvertTrapComPRAWN,hu_co_demersalfishing_inverttrapcom_d,Higher Potential
Sponge,eco_inverts_spongehotspot_ccira,sponge,SableTrapCom,hu_co_demersalfishing_sabletrapcom_d,Higher Potential
Sponge,eco_inverts_spongehotspot_ccira,sponge,ShrimpTrawling,hu_co_demersalfishing_shrimptrawling_d,Higher Potential
Green Urchin,eco_inverts_urchingreen_records_d,urchingreen,OpenNetPens,hu_aq_finfishaquaculture_opennetpens_d,Potential
Red Urchin,eco_inverts_urchinred_records_d,urchinred,OpenNetPens,hu_aq_finfishaquaculture_opennetpens_d,Potential
Blue Whale,eco_mammals_bluewhale_ia_d,bluewhale,OpenNetPens,hu_aq_finfishaquaculture_opennetpens_d,Negligible
California sea lion,eco_mammals_californiasealion_haulouts_d,californiasealion,OpenNetPens,hu_aq_finfishaquaculture_opennetpens_d,Potential
Dall's Porpoise,eco_mammals_dallsporpoise_density_d,dallsporpoise,OpenNetPens,hu_aq_finfishaquaculture_opennetpens_d,Negligible
Fin whale,eco_mammals_finwhale_density_d,finwhale,OpenNetPens,hu_aq_finfishaquaculture_opennetpens_d,Negligible
Fin whale,eco_mammals_finwhale_hsi_d,finwhale,OpenNetPens,hu_aq_finfishaquaculture_opennetpens_d,Negligible
Northern fur seal,eco_mammals_furseal_ia_d,furseal,OpenNetPens,hu_aq_finfishaquaculture_opennetpens_d,Negligible
Grey Whale,eco_mammals_greywhale_density_d,greywhale,OpenNetPens,hu_aq_finfishaquaculture_opennetpens_d,Negligible
Grey Whale,eco_mammals_greywhale_migrationroute_d,greywhale,OpenNetPens,hu_aq_finfishaquaculture_opennetpens_d,Negligible
Harbour porpoise,eco_mammals_harbourporpoise_density_d,harbourporpoise,OpenNetPens,hu_aq_finfishaquaculture_opennetpens_d,Negligible
Harbour seal,eco_mammals_harbourseal_haulouts_m,harbourseal,OpenNetPens,hu_aq_finfishaquaculture_opennetpens_d,Potential
Humpback Whale,eco_mammals_humpbackwhale_ch_d,humpbackwhale,OpenNetPens,hu_aq_finfishaquaculture_opennetpens_d,Potential
Humpback Whale,eco_mammals_humpbackwhale_density_d,humpbackwhale,OpenNetPens,hu_aq_finfishaquaculture_opennetpens_d,Potential
Orca NE Pacific Northern Residents,eco_mammals_killerwhaleresident_ch_d,killerwhaleresident,OpenNetPens,hu_aq_finfishaquaculture_opennetpens_d,Negligible
Orca NE Pacific Northern Residents,eco_mammals_killerwhaleresident_ia_d,killerwhaleresident,OpenNetPens,hu_aq_finfishaquaculture_opennetpens_d,Negligible
Orca NE Pacific Northern Residents,eco_mammals_killerwhaleresident_potentialch_d,killerwhaleresident,OpenNetPens,hu_aq_finfishaquaculture_opennetpens_d,Negligible
Orca NE Pacific Transients,eco_mammals_killerwhaletransient_hsi_d,killerwhaletransient,OpenNetPens,hu_aq_finfishaquaculture_opennetpens_d,Negligible
Minke whale,eco_mammals_minkewhale_density_d,minkewhale,OpenNetPens,hu_aq_finfishaquaculture_opennetpens_d,Negligible
Northern Right Whale Dolphin,eco_mammals_northernrightwhaledolphin_density_d,northernrightwhaledolphin,OpenNetPens,hu_aq_finfishaquaculture_opennetpens_d,Negligible
Pacific white-sided dolphin,eco_mammals_pacificwhitesideddolphin_density_d,pacificwhitesideddolphin,OpenNetPens,hu_aq_finfishaquaculture_opennetpens_d,Negligible
Sei whale,eco_mammals_seiwhale_ia_d,seiwhale,OpenNetPens,hu_aq_finfishaquaculture_opennetpens_d,Negligible
Sperm Whale,eco_mammals_spermwhale_density_d,spermwhale,OpenNetPens,hu_aq_finfishaquaculture_opennetpens_d,Negligible
Steller sea lion,eco_mammals_stellersealion_hauloutswinter_m,stellersealion,OpenNetPens,hu_aq_finfishaquaculture_opennetpens_d,Potential
Steller sea lion,eco_mammals_stellersealion_hauloutsyearround_m,stellersealion,OpenNetPens,hu_aq_finfishaquaculture_opennetpens_d,Potential
Steller sea lion,eco_mammals_stellersealion_rookeries_m,stellersealion,OpenNetPens,hu_aq_finfishaquaculture_opennetpens_d,Potential
Eelgrass,eco_plants_eelgrass_biobands_d,eelgrass,OpenNetPens,hu_aq_finfishaquaculture_opennetpens_d,Potential
Eelgrass,eco_plants_eelgrass_polygons_d,eelgrass,OpenNetPens,hu_aq_finfishaquaculture_opennetpens_d,Potential
Eelgrass,eco_plants_eelgrass_prioritypolygons_d,eelgrass,OpenNetPens,hu_aq_finfishaquaculture_opennetpens_d,Potential
Surfgrass,eco_plants_surfgrass_biobands_d,surfgrass,OpenNetPens,hu_aq_finfishaquaculture_opennetpens_d,Negligible
Arrowtooth flounder,eco_fish_arrowtooth_phmasynsab_m,arrowtooth,Pelagicandmidwatertrawls,hu_co_pelagicfishing_pelagicandmidwatertrawls_d,Higher Potential
Spiny Dogfish,eco_fish_dogfish_phmasyn_m,dogfish,Pelagicandmidwatertrawls,hu_co_pelagicfishing_pelagicandmidwatertrawls_d,Higher Potential
Eulachon,eco_fish_eulachon_spawn_d,eulachon,Pelagicandmidwatertrawls,hu_co_pelagicfishing_pelagicandmidwatertrawls_d,Potential
Eulachon,eco_fish_eulachon_summer_d,eulachon,Pelagicandmidwatertrawls,hu_co_pelagicfishing_pelagicandmidwatertrawls_d,Potential
Pacific hake ,eco_fish_hake_biomass_d,hake,Pelagicandmidwatertrawls,hu_co_pelagicfishing_pelagicandmidwatertrawls_d,Higher Potential
Pacific Halibut ,eco_fish_halibut_phmasynsab_m,halibut,Pelagicandmidwatertrawls,hu_co_pelagicfishing_pelagicandmidwatertrawls_d,Higher Potential
Lingcod,eco_fish_lingcod_ccira_d,lingcod,Pelagicandmidwatertrawls,hu_co_pelagicfishing_pelagicandmidwatertrawls_d,Potential
Lingcod,eco_fish_lingcod_phmasynsab_m,lingcod,Pelagicandmidwatertrawls,hu_co_pelagicfishing_pelagicandmidwatertrawls_d,Potential
Pacific Cod ,eco_fish_pacificcod_phmasyn_m,pacificcod,Pelagicandmidwatertrawls,hu_co_pelagicfishing_pelagicandmidwatertrawls_d,Higher Potential
Pacific Ocean perch ,eco_fish_pacificoceanperch_syn_m,pacificoceanperch,Pelagicandmidwatertrawls,hu_co_pelagicfishing_pelagicandmidwatertrawls_d,Potential
walleye pollock,eco_fish_pollock_syn_m,pollock,Pelagicandmidwatertrawls,hu_co_pelagicfishing_pelagicandmidwatertrawls_d,Higher Potential
Bocaccio,eco_fish_rockfishbocaccio_ccira_d,rockfishbocaccio,Pelagicandmidwatertrawls,hu_co_pelagicfishing_pelagicandmidwatertrawls_d,Higher Potential
Bocaccio,eco_fish_rockfishbocaccio_phmasyn_m,rockfishbocaccio,Pelagicandmidwatertrawls,hu_co_pelagicfishing_pelagicandmidwatertrawls_d,Higher Potential
Canary Rockfish,eco_fish_rockfishcanary_ccira_d,rockfishcanary,Pelagicandmidwatertrawls,hu_co_pelagicfishing_pelagicandmidwatertrawls_d,Higher Potential
Canary Rockfish,eco_fish_rockfishcanary_phmasyn_m,rockfishcanary,Pelagicandmidwatertrawls,hu_co_pelagicfishing_pelagicandmidwatertrawls_d,Higher Potential
Darkblotched rockfish,eco_fish_rockfishdarkblotched_syn_m,rockfishdarkblotched,Pelagicandmidwatertrawls,hu_co_pelagicfishing_pelagicandmidwatertrawls_d,Potential
Greenstriped rockfish,eco_fish_rockfishgreenstriped_phmasyn_m,rockfishgreenstriped,Pelagicandmidwatertrawls,hu_co_pelagicfishing_pelagicandmidwatertrawls_d,Potential
Redstripe rockfish,eco_fish_rockfishredstripe_syn_m,rockfishredstripe,Pelagicandmidwatertrawls,hu_co_pelagicfishing_pelagicandmidwatertrawls_d,Higher Potential
Rosethorn rockfish,eco_fish_rockfishrosethorn_ccira_d,rockfishrosethorn,Pelagicandmidwatertrawls,hu_co_pelagicfishing_pelagicandmidwatertrawls_d,Potential
Rosethorn rockfish,eco_fish_rockfishrosethorn_phmasyn_m,rockfishrosethorn,Pelagicandmidwatertrawls,hu_co_pelagicfishing_pelagicandmidwatertrawls_d,Potential
Rougheye/Blackspotted Rockfish,eco_fish_rockfishrougheyeblackspotted_phmasyn_m,rockfishrougheyeblackspotted,Pelagicandmidwatertrawls,hu_co_pelagicfishing_pelagicandmidwatertrawls_d,Potential
Shortraker rockfish,eco_fish_rockfishshortraker_phmasyn_m,rockfishshortraker,Pelagicandmidwatertrawls,hu_co_pelagicfishing_pelagicandmidwatertrawls_d,Potential
Silvergray rockfish,eco_fish_rockfishsilvergray_ccira_d,rockfishsilvergray,Pelagicandmidwatertrawls,hu_co_pelagicfishing_pelagicandmidwatertrawls_d,Potential
Silvergray rockfish,eco_fish_rockfishsilvergray_phmasyn_m,rockfishsilvergray,Pelagicandmidwatertrawls,hu_co_pelagicfishing_pelagicandmidwatertrawls_d,Potential
Vermillion rockfish,eco_fish_rockfishvermilion_phma_m,rockfishvermilion,Pelagicandmidwatertrawls,hu_co_pelagicfishing_pelagicandmidwatertrawls_d,Potential
Widow rockfish,eco_fish_rockfishwidow_syn_m,rockfishwidow,Pelagicandmidwatertrawls,hu_co_pelagicfishing_pelagicandmidwatertrawls_d,Higher Potential
Yellowmouth rockfish ,eco_fish_rockfishyellowmouth_phmasyn_m,rockfishyellowmouth,Pelagicandmidwatertrawls,hu_co_pelagicfishing_pelagicandmidwatertrawls_d,Higher Potential
Yellowtail rockfish ,eco_fish_rockfishyellowtail_phmasyn_m,rockfishyellowtail,Pelagicandmidwatertrawls,hu_co_pelagicfishing_pelagicandmidwatertrawls_d,Higher Potential
Sablefish,eco_fish_sablefish_phmasynsab_m,sablefish,Pelagicandmidwatertrawls,hu_co_pelagicfishing_pelagicandmidwatertrawls_d,Higher Potential
Dover sole ,eco_fish_soledover_syn_m,soledover,Pelagicandmidwatertrawls,hu_co_pelagicfishing_pelagicandmidwatertrawls_d,Potential
Petrale sole ,eco_fish_solepetrale_syn_m,solepetrale,Pelagicandmidwatertrawls,hu_co_pelagicfishing_pelagicandmidwatertrawls_d,Potential
Rock sole ,eco_fish_solerock_phmasyn_m,solerock,Pelagicandmidwatertrawls,hu_co_pelagicfishing_pelagicandmidwatertrawls_d,Potential
Longspine Thornyhead,eco_fish_thornyheadlongspine_syn_m,thornyheadlongspine,Pelagicandmidwatertrawls,hu_co_pelagicfishing_pelagicandmidwatertrawls_d,Potential
Shortspine Thornyhead,eco_fish_thornyheadshortspine_syn_m,thornyheadshortspine,Pelagicandmidwatertrawls,hu_co_pelagicfishing_pelagicandmidwatertrawls_d,Potential
Horse clam,eco_inverts_clamhorse_records_d,clamhorse,PressureHose,hu_co_demersalfishing_pressurehose_d,Potential
Geoduck,eco_inverts_geoduck_records_d,geoduck,PressureHose,hu_co_demersalfishing_pressurehose_d,Higher Potential
Estuaries,eco_areas_estuaries_polygons_d,estuaries,Pulpandpapermills,hu_ot_dischargesanddisposal_pulpandpapermills_d,Higher Potential
Black Oystercatcher,eco_birds_blackoystercatcher_nestingsites_d,blackoystercatcher,Pulpandpapermills,hu_ot_dischargesanddisposal_pulpandpapermills_d,Potential
Loon/Grebe,eco_birds_loongrebe_density_d,loongrebe,Pulpandpapermills,hu_ot_dischargesanddisposal_pulpandpapermills_d,Potential
Loon/Grebe,eco_birds_loongrebe_densitywinter_d,loongrebe,Pulpandpapermills,hu_ot_dischargesanddisposal_pulpandpapermills_d,Potential
"Sea duck, unspecified",eco_birds_seaduck_densitymoulting_d,seaduck,Pulpandpapermills,hu_ot_dischargesanddisposal_pulpandpapermills_d,Potential
"Sea duck, unspecified",eco_birds_seaduck_densitystaging_d,seaduck,Pulpandpapermills,hu_ot_dischargesanddisposal_pulpandpapermills_d,Potential
"Sea duck, unspecified",eco_birds_seaduck_densitywinter_d,seaduck,Pulpandpapermills,hu_ot_dischargesanddisposal_pulpandpapermills_d,Potential
"Sea duck, unspecified",eco_birds_seaduck_keysites_d,seaduck,Pulpandpapermills,hu_ot_dischargesanddisposal_pulpandpapermills_d,Potential
Shorebird (rocky),eco_birds_shorebirdrock_density_d,shorebirdrock,Pulpandpapermills,hu_ot_dischargesanddisposal_pulpandpapermills_d,Potential
Shorebird (sand),eco_birds_shorebirdsand_density_d,shorebirdsand,Pulpandpapermills,hu_ot_dischargesanddisposal_pulpandpapermills_d,Potential
Shorebird (sand),eco_birds_shorebirdsand_keysites_d,shorebirdsand,Pulpandpapermills,hu_ot_dischargesanddisposal_pulpandpapermills_d,Potential
Bottom Patches,eco_coarse_bottompatches_polygonssoft_d,bottompatches,Pulpandpapermills,hu_ot_dischargesanddisposal_pulpandpapermills_d,Potential
Pacific salmon,eco_fish_salmon_biomass_d,salmon,Pulpandpapermills,hu_ot_dischargesanddisposal_pulpandpapermills_d,Potential
Chinook salmon,eco_fish_salmonchinook_diversity_d,salmonchinook,Pulpandpapermills,hu_ot_dischargesanddisposal_pulpandpapermills_d,Potential
Chum salmon,eco_fish_salmonchum_diversity_d,salmonchum,Pulpandpapermills,hu_ot_dischargesanddisposal_pulpandpapermills_d,Potential
Coho Salmon,eco_fish_salmoncoho_diversity_d,salmoncoho,Pulpandpapermills,hu_ot_dischargesanddisposal_pulpandpapermills_d,Potential
Pink salmon (even),eco_fish_salmonpinkeven_diversity_d,salmonpinkeven,Pulpandpapermills,hu_ot_dischargesanddisposal_pulpandpapermills_d,Potential
Pink salmon (odd),eco_fish_salmonpinkodd_diversity_d,salmonpinkodd,Pulpandpapermills,hu_ot_dischargesanddisposal_pulpandpapermills_d,Potential
Sockeye salmon,eco_fish_salmonsockeye_diversity_d,salmonsockeye,Pulpandpapermills,hu_ot_dischargesanddisposal_pulpandpapermills_d,Potential
Butter clams,eco_inverts_clambutter_records_d,clambutter,Pulpandpapermills,hu_ot_dischargesanddisposal_pulpandpapermills_d,Potential
Horse clam,eco_inverts_clamhorse_records_d,clamhorse,Pulpandpapermills,hu_ot_dischargesanddisposal_pulpandpapermills_d,Potential
Littleneck clam,eco_inverts_clamlittleneck_records_d,clamlittleneck,Pulpandpapermills,hu_ot_dischargesanddisposal_pulpandpapermills_d,Potential
Razor clam,eco_inverts_clamrazor_ia_d,clamrazor,Pulpandpapermills,hu_ot_dischargesanddisposal_pulpandpapermills_d,Potential
Cockles,eco_inverts_cockle_records_d,cockle,Pulpandpapermills,hu_ot_dischargesanddisposal_pulpandpapermills_d,Potential
Dungeness crab ,eco_inverts_dungeness_ia_d,dungeness,Pulpandpapermills,hu_ot_dischargesanddisposal_pulpandpapermills_d,Potential
Dungeness crab ,eco_inverts_dungeness_records_d,dungeness,Pulpandpapermills,hu_ot_dischargesanddisposal_pulpandpapermills_d,Potential
Geoduck,eco_inverts_geoduck_records_d,geoduck,Pulpandpapermills,hu_ot_dischargesanddisposal_pulpandpapermills_d,Potential
Olympia Oyster,eco_inverts_olympiaoyster_records_d,olympiaoyster,Pulpandpapermills,hu_ot_dischargesanddisposal_pulpandpapermills_d,Potential
Purple-hinged rock scallop,eco_inverts_purplerockscallop_records_d,purplerockscallop,Pulpandpapermills,hu_ot_dischargesanddisposal_pulpandpapermills_d,Potential
Scallops,eco_inverts_scallops_syn_d,scallops,Pulpandpapermills,hu_ot_dischargesanddisposal_pulpandpapermills_d,Potential
Deepwater grooved tanner crab,eco_inverts_tannercrabdeep_sab_d,tannercrabdeep,Pulpandpapermills,hu_ot_dischargesanddisposal_pulpandpapermills_d,Potential
Green Urchin,eco_inverts_urchingreen_records_d,urchingreen,Pulpandpapermills,hu_ot_dischargesanddisposal_pulpandpapermills_d,Potential
Red Urchin,eco_inverts_urchinred_records_d,urchinred,Pulpandpapermills,hu_ot_dischargesanddisposal_pulpandpapermills_d,Potential
Orca NE Pacific Northern Residents,eco_mammals_killerwhaleresident_ch_d,killerwhaleresident,Pulpandpapermills,hu_ot_dischargesanddisposal_pulpandpapermills_d,Potential
Orca NE Pacific Northern Residents,eco_mammals_killerwhaleresident_ia_d,killerwhaleresident,Pulpandpapermills,hu_ot_dischargesanddisposal_pulpandpapermills_d,Potential
Orca NE Pacific Northern Residents,eco_mammals_killerwhaleresident_potentialch_d,killerwhaleresident,Pulpandpapermills,hu_ot_dischargesanddisposal_pulpandpapermills_d,Potential
Orca NE Pacific Transients,eco_mammals_killerwhaletransient_hsi_d,killerwhaletransient,Pulpandpapermills,hu_ot_dischargesanddisposal_pulpandpapermills_d,Potential
Phytoplankton,eco_plants_chlorophylla_bloom_d,chlorophylla,Pulpandpapermills,hu_ot_dischargesanddisposal_pulpandpapermills_d,Potential
Phytoplankton,eco_plants_chlorophylla_concentration_d,chlorophylla,Pulpandpapermills,hu_ot_dischargesanddisposal_pulpandpapermills_d,Potential
Eulachon,eco_fish_eulachon_spawn_d,eulachon,PurseSeine,hu_co_pelagicfishing_purseseine_d,Negligible
Eulachon,eco_fish_eulachon_summer_d,eulachon,PurseSeine,hu_co_pelagicfishing_purseseine_d,Negligible
Pacific herring ,eco_fish_herring_ia_d,herring,PurseSeineHERRING,hu_co_pelagicfishing_purseseine_d,Higher Potential
Pacific herring ,eco_fish_herring_spawn_d,herring,PurseSeineHERRING,hu_co_pelagicfishing_purseseine_d,Higher Potential
Pacific salmon,eco_fish_salmon_biomass_d,salmon,PurseSeineSALMON,hu_co_pelagicfishing_purseseine_d,Higher Potential
Chinook salmon,eco_fish_salmonchinook_diversity_d,salmonchinook,PurseSeineSALMON,hu_co_pelagicfishing_purseseine_d,Higher Potential
Chum salmon,eco_fish_salmonchum_diversity_d,salmonchum,PurseSeineSALMON,hu_co_pelagicfishing_purseseine_d,Higher Potential
Coho Salmon,eco_fish_salmoncoho_diversity_d,salmoncoho,PurseSeineSALMON,hu_co_pelagicfishing_purseseine_d,Higher Potential
Pink salmon (even),eco_fish_salmonpinkeven_diversity_d,salmonpinkeven,PurseSeineSALMON,hu_co_pelagicfishing_purseseine_d,Higher Potential
Pink salmon (odd),eco_fish_salmonpinkodd_diversity_d,salmonpinkodd,PurseSeineSALMON,hu_co_pelagicfishing_purseseine_d,Higher Potential
Sockeye salmon,eco_fish_salmonsockeye_diversity_d,salmonsockeye,PurseSeineSALMON,hu_co_pelagicfishing_purseseine_d,Higher Potential
Pacific Sand Lance,eco_fish_sandlance_syn_m,sandlance,PurseSeine,hu_co_pelagicfishing_purseseine_d,Negligible
Opal squid,eco_inverts_squidopal_records_d,squidopal,PurseSeine,hu_co_pelagicfishing_purseseine_d,Negligible
Bottom patches,eco_coarse_bottompatches_polygonshard_d,bottompatches,SableTrapCom,hu_co_demersalfishing_sabletrapcom_d,Potential
Arrowtooth flounder,eco_fish_arrowtooth_phmasynsab_m,arrowtooth,SableTrapCom,hu_co_demersalfishing_sabletrapcom_d,Potential
Spiny dogfish,eco_fish_dogfish_phmasyn_m,dogfish,SableTrapCom,hu_co_demersalfishing_sabletrapcom_d,Potential
Pacific Halibut ,eco_fish_halibut_phmasynsab_m,halibut,SableTrapCom,hu_co_demersalfishing_sabletrapcom_d,Potential
Rougheye/Blackspotted Rockfish,eco_fish_rockfishrougheyeblackspotted_phmasyn_m,rockfishrougheyeblackspotted,SableTrapCom,hu_co_demersalfishing_sabletrapcom_d,Potential
Sablefish,eco_fish_sablefish_phmasynsab_m,sablefish,SableTrapCom,hu_co_demersalfishing_sabletrapcom_d,Higher Potential
Dover sole ,eco_fish_soledover_syn_m,soledover,SableTrapCom,hu_co_demersalfishing_sabletrapcom_d,Potential
Longspine Thornyhead,eco_fish_thornyheadlongspine_syn_m,thornyheadlongspine,SableTrapCom,hu_co_demersalfishing_sabletrapcom_d,Potential
Shortspine Thornyhead,eco_fish_thornyheadshortspine_syn_m,thornyheadshortspine,SableTrapCom,hu_co_demersalfishing_sabletrapcom_d,Potential
Soft corals,eco_inverts_alcyonacea_model_d,alcyonacea,SableTrapCom,hu_co_demersalfishing_sabletrapcom_d,Potential
Black corals,eco_inverts_antipatharia_model_d,antipatharia,SableTrapCom,hu_co_demersalfishing_sabletrapcom_d,Potential
Corals,eco_inverts_coralhotspot_ccira,coral,SableTrapCom,hu_co_demersalfishing_sabletrapcom_d,Potential
Corals,eco_inverts_coral_trawlsyn_d,coral,SableTrapCom,hu_co_demersalfishing_sabletrapcom_d,Potential
Sea pens,eco_inverts_pennatulacea_model_d,pennatulacea,SableTrapCom,hu_co_demersalfishing_sabletrapcom_d,Potential
Sea pens,eco_inverts_pennatulacea_trawlsyn_d,pennatulacea,SableTrapCom,hu_co_demersalfishing_sabletrapcom_d,Potential
Hand or stony corals,eco_inverts_scleractinia_model_d,scleractinia,SableTrapCom,hu_co_demersalfishing_sabletrapcom_d,Potential
Sponge,eco_inverts_spongehotspot_ccira,sponge,FoodSocialCeremonial,hu_ih_indigenousharvest_foodsocialceremonial,Potential
Sponge,eco_inverts_spongehotspot_ccira,sponge,Seafloorelectricalcommscables,hu_ot_underwaterinfrastructure_seafloorelectricalcommscables_d,Potential
Sponge,eco_inverts_spongehotspot_ccira,sponge,TrapRecCRAB,hu_rf_demersalfishing_traprec_d,Higher Potential
Pacific herring ,eco_fish_herring_ia_d,herring,SalmonTrollCom,hu_co_pelagicfishing_salmontrollcom_d,Negligible
Pacific herring ,eco_fish_herring_spawn_d,herring,SalmonTrollCom,hu_co_pelagicfishing_salmontrollcom_d,Negligible
Bocaccio,eco_fish_rockfishbocaccio_ccira_d,rockfishbocaccio,SalmonTrollCom,hu_co_pelagicfishing_salmontrollcom_d,Potential
Bocaccio,eco_fish_rockfishbocaccio_phmasyn_m,rockfishbocaccio,SalmonTrollCom,hu_co_pelagicfishing_salmontrollcom_d,Potential
Canary Rockfish,eco_fish_rockfishcanary_ccira_d,rockfishcanary,SalmonTrollCom,hu_co_pelagicfishing_salmontrollcom_d,Potential
Canary Rockfish,eco_fish_rockfishcanary_phmasyn_m,rockfishcanary,SalmonTrollCom,hu_co_pelagicfishing_salmontrollcom_d,Potential
China rockfish,eco_fish_rockfishchina_ccira_d,rockfishchina,SalmonTrollCom,hu_co_pelagicfishing_salmontrollcom_d,Potential
China rockfish,eco_fish_rockfishchina_phma_m,rockfishchina,SalmonTrollCom,hu_co_pelagicfishing_salmontrollcom_d,Potential
Copper rockfish,eco_fish_rockfishcopper_phmasyn_m,rockfishcopper,SalmonTrollCom,hu_co_pelagicfishing_salmontrollcom_d,Potential
Darkblotched rockfish,eco_fish_rockfishdarkblotched_syn_m,rockfishdarkblotched,SalmonTrollCom,hu_co_pelagicfishing_salmontrollcom_d,Negligible
Greenstriped rockfish,eco_fish_rockfishgreenstriped_phmasyn_m,rockfishgreenstriped,SalmonTrollCom,hu_co_pelagicfishing_salmontrollcom_d,Negligible
Quillback Rockfish,eco_fish_rockfishquillback_ccira_d,rockfishquillback,SalmonTrollCom,hu_co_pelagicfishing_salmontrollcom_d,Potential
Quillback Rockfish,eco_fish_rockfishquillback_phmasyn_m,rockfishquillback,SalmonTrollCom,hu_co_pelagicfishing_salmontrollcom_d,Potential
Redstripe rockfish,eco_fish_rockfishredstripe_syn_m,rockfishredstripe,SalmonTrollCom,hu_co_pelagicfishing_salmontrollcom_d,Potential
Rosethorn rockfish,eco_fish_rockfishrosethorn_ccira_d,rockfishrosethorn,SalmonTrollCom,hu_co_pelagicfishing_salmontrollcom_d,Negligible
Rosethorn rockfish,eco_fish_rockfishrosethorn_phmasyn_m,rockfishrosethorn,SalmonTrollCom,hu_co_pelagicfishing_salmontrollcom_d,Negligible
Rougheye/Blackspotted Rockfish,eco_fish_rockfishrougheyeblackspotted_phmasyn_m,rockfishrougheyeblackspotted,SalmonTrollCom,hu_co_pelagicfishing_salmontrollcom_d,Negligible
Shortraker rockfish,eco_fish_rockfishshortraker_phmasyn_m,rockfishshortraker,SalmonTrollCom,hu_co_pelagicfishing_salmontrollcom_d,Negligible
Silvergray rockfish,eco_fish_rockfishsilvergray_ccira_d,rockfishsilvergray,SalmonTrollCom,hu_co_pelagicfishing_salmontrollcom_d,Potential
Silvergray rockfish,eco_fish_rockfishsilvergray_phmasyn_m,rockfishsilvergray,SalmonTrollCom,hu_co_pelagicfishing_salmontrollcom_d,Potential
Tiger rockfish,eco_fish_rockfishtiger_ccira_d,rockfishtiger,SalmonTrollCom,hu_co_pelagicfishing_salmontrollcom_d,Potential
Tiger rockfish,eco_fish_rockfishtiger_phma_m,rockfishtiger,SalmonTrollCom,hu_co_pelagicfishing_salmontrollcom_d,Potential
Vermillion rockfish,eco_fish_rockfishvermilion_phma_m,rockfishvermilion,SalmonTrollCom,hu_co_pelagicfishing_salmontrollcom_d,Potential
Yelloweye rockfish,eco_fish_rockfishyelloweye_ccira_d,rockfishyelloweye,SalmonTrollCom,hu_co_pelagicfishing_salmontrollcom_d,Potential
Yelloweye rockfish,eco_fish_rockfishyelloweye_phmasyn_m,rockfishyelloweye,SalmonTrollCom,hu_co_pelagicfishing_salmontrollcom_d,Potential
Yellowmouth rockfish ,eco_fish_rockfishyellowmouth_phmasyn_m,rockfishyellowmouth,SalmonTrollCom,hu_co_pelagicfishing_salmontrollcom_d,Negligible
Yellowtail rockfish ,eco_fish_rockfishyellowtail_phmasyn_m,rockfishyellowtail,SalmonTrollCom,hu_co_pelagicfishing_salmontrollcom_d,Potential
Pacific salmon,eco_fish_salmon_biomass_d,salmon,SalmonTrollCom,hu_co_pelagicfishing_salmontrollcom_d,Higher Potential
Chinook salmon,eco_fish_salmonchinook_diversity_d,salmonchinook,SalmonTrollCom,hu_co_pelagicfishing_salmontrollcom_d,Higher Potential
Chum salmon,eco_fish_salmonchum_diversity_d,salmonchum,SalmonTrollCom,hu_co_pelagicfishing_salmontrollcom_d,Higher Potential
Coho Salmon,eco_fish_salmoncoho_diversity_d,salmoncoho,SalmonTrollCom,hu_co_pelagicfishing_salmontrollcom_d,Higher Potential
Pink salmon (even),eco_fish_salmonpinkeven_diversity_d,salmonpinkeven,SalmonTrollCom,hu_co_pelagicfishing_salmontrollcom_d,Higher Potential
Pink salmon (odd),eco_fish_salmonpinkodd_diversity_d,salmonpinkodd,SalmonTrollCom,hu_co_pelagicfishing_salmontrollcom_d,Higher Potential
Sockeye salmon,eco_fish_salmonsockeye_diversity_d,salmonsockeye,SalmonTrollCom,hu_co_pelagicfishing_salmontrollcom_d,Higher Potential
California sea lion,eco_mammals_californiasealion_haulouts_d,californiasealion,SalmonTrollCom,hu_co_pelagicfishing_salmontrollcom_d,Potential
Northern fur seal,eco_mammals_furseal_ia_d,furseal,SalmonTrollCom,hu_co_pelagicfishing_salmontrollcom_d,Negligible
Steller sea lion,eco_mammals_stellersealion_hauloutswinter_m,stellersealion,SalmonTrollCom,hu_co_pelagicfishing_salmontrollcom_d,Potential
Steller sea lion,eco_mammals_stellersealion_hauloutsyearround_m,stellersealion,SalmonTrollCom,hu_co_pelagicfishing_salmontrollcom_d,Potential
Steller sea lion,eco_mammals_stellersealion_rookeries_m,stellersealion,SalmonTrollCom,hu_co_pelagicfishing_salmontrollcom_d,Potential
Green Urchin,eco_inverts_urchingreen_records_d,urchingreen,SCUBADivefishingComGSU,hu_co_scubadivefishing_scubadivefishingcom_d,Higher Potential
Red Urchin,eco_inverts_urchinred_records_d,urchinred,SCUBADivefishingComRSU,hu_co_scubadivefishing_scubadivefishingcom_d,Higher Potential
Giant pacific octopus,eco_inverts_octopusgiantpacific_records_d,octopusgiantpacific,SCUBADivefishingRecALL,hu_rf_scubadivefishing_scubadivefishingrec_d,Potential
Olympia Oyster,eco_inverts_olympiaoyster_records_d,olympiaoyster,SCUBADivefishingRecALL,hu_rf_scubadivefishing_scubadivefishingrec_d,Negligible
Purple-hinged rock scallop,eco_inverts_purplerockscallop_records_d,purplerockscallop,SCUBADivefishingRecALL,hu_rf_scubadivefishing_scubadivefishingrec_d,Potential
Scallops,eco_inverts_scallops_syn_d,scallops,SCUBADivefishingRecALL,hu_rf_scubadivefishing_scubadivefishingrec_d,Potential
Green Urchin,eco_inverts_urchingreen_records_d,urchingreen,SCUBADivefishingRecALL,hu_rf_scubadivefishing_scubadivefishingrec_d,Potential
Red Urchin,eco_inverts_urchinred_records_d,urchinred,SCUBADivefishingRecALL,hu_rf_scubadivefishing_scubadivefishingrec_d,Potential
Bottom Patches,eco_coarse_bottompatches_polygonssoft_d,bottompatches,SCUBASnorkelling,hu_re_scubasnorkelling_scubasnorkelling_d,Potential
Olympia Oyster,eco_inverts_olympiaoyster_records_d,olympiaoyster,SCUBASnorkelling,hu_re_scubasnorkelling_scubasnorkelling_d,Potential
Purple-hinged rock scallop,eco_inverts_purplerockscallop_records_d,purplerockscallop,SCUBASnorkelling,hu_re_scubasnorkelling_scubasnorkelling_d,Potential
Scallops,eco_inverts_scallops_syn_d,scallops,SCUBASnorkelling,hu_re_scubasnorkelling_scubasnorkelling_d,Potential
Bull Kelp,eco_plants_bullkelp_biobands_d,bullkelp,SCUBASnorkelling,hu_re_scubasnorkelling_scubasnorkelling_d,Potential
Bull Kelp,eco_plants_bullkelp_polygons_d,bullkelp,SCUBASnorkelling,hu_re_scubasnorkelling_scubasnorkelling_d,Potential
Eelgrass,eco_plants_eelgrass_biobands_d,eelgrass,SCUBASnorkelling,hu_re_scubasnorkelling_scubasnorkelling_d,Potential
Eelgrass,eco_plants_eelgrass_polygons_d,eelgrass,SCUBASnorkelling,hu_re_scubasnorkelling_scubasnorkelling_d,Potential
Eelgrass,eco_plants_eelgrass_prioritypolygons_d,eelgrass,SCUBASnorkelling,hu_re_scubasnorkelling_scubasnorkelling_d,Potential
General Kelp,eco_plants_generalkelp_polygons_d,generalkelp,SCUBASnorkelling,hu_re_scubasnorkelling_scubasnorkelling_d,Potential
Giant Kelp,eco_plants_giantkelp_biobands_d,giantkelp,SCUBASnorkelling,hu_re_scubasnorkelling_scubasnorkelling_d,Potential
Giant Kelp,eco_plants_giantkelp_polygons_d,giantkelp,SCUBASnorkelling,hu_re_scubasnorkelling_scubasnorkelling_d,Potential
Surfgrass,eco_plants_surfgrass_biobands_d,surfgrass,SCUBASnorkelling,hu_re_scubasnorkelling_scubasnorkelling_d,Potential
Spiny Dogfish,eco_fish_dogfish_phmasyn_m,dogfish,Seafloorelectricalcommscables,hu_ot_underwaterinfrastructure_seafloorelectricalcommscables_d,Potential
Big Skate ,eco_fish_skatebig_phmasyn_m,skatebig,Seafloorelectricalcommscables,hu_ot_underwaterinfrastructure_seafloorelectricalcommscables_d,Potential
Longnose skate,eco_fish_skatelongnose_phmasyn_m,skatelongnose,Seafloorelectricalcommscables,hu_ot_underwaterinfrastructure_seafloorelectricalcommscables_d,Potential
Roughtail skate,eco_fish_skateroughtail_syn_m,skateroughtail,Seafloorelectricalcommscables,hu_ot_underwaterinfrastructure_seafloorelectricalcommscables_d,Potential
Sandpaper skate,eco_fish_skatesandpaper_phmasyn_m,skatesandpaper,Seafloorelectricalcommscables,hu_ot_underwaterinfrastructure_seafloorelectricalcommscables_d,Potential
Sponge,eco_inverts_spongehotspot_ccira,sponge,TrapRecPRAWN,hu_rf_demersalfishing_traprec_d,Higher Potential
Hexactinellida,eco_inverts_spongereef_polygons_m,spongereef,OpenNetPens,hu_aq_finfishaquaculture_opennetpens_d,Potential
Hexactinellida,eco_inverts_spongereef_polygons_m,spongereef,BottomLongline,hu_co_demersalfishing_bottomlongline_d,Potential
Estuaries,eco_areas_estuaries_polygons_d,estuaries,Seafloorpipelinesfortransoil,hu_ot_underwaterinfrastructure_seafloorpipelinesfortransoil_d,Higher Potential
Bottom patches,eco_coarse_bottompatches_polygonshard_d,bottompatches,Seafloorpipelinesfortransoil,hu_ot_underwaterinfrastructure_seafloorpipelinesfortransoil_d,Potential
Bottom Patches,eco_coarse_bottompatches_polygonssoft_d,bottompatches,Seafloorpipelinesfortransoil,hu_ot_underwaterinfrastructure_seafloorpipelinesfortransoil_d,Potential
Eulachon,eco_fish_eulachon_spawn_d,eulachon,SeaweedHarvest,hu_co_commercialplantharvest_seaweedharvest_d,Potential
Eulachon,eco_fish_eulachon_summer_d,eulachon,SeaweedHarvest,hu_co_commercialplantharvest_seaweedharvest_d,Potential
Pacific herring ,eco_fish_herring_ia_d,herring,SeaweedHarvest,hu_co_commercialplantharvest_seaweedharvest_d,Potential
Pacific herring ,eco_fish_herring_spawn_d,herring,SeaweedHarvest,hu_co_commercialplantharvest_seaweedharvest_d,Potential
Pacific Cod ,eco_fish_pacificcod_phmasyn_m,pacificcod,SeaweedHarvest,hu_co_commercialplantharvest_seaweedharvest_d,Potential
China rockfish,eco_fish_rockfishchina_ccira_d,rockfishchina,SeaweedHarvest,hu_co_commercialplantharvest_seaweedharvest_d,Potential
China rockfish,eco_fish_rockfishchina_phma_m,rockfishchina,SeaweedHarvest,hu_co_commercialplantharvest_seaweedharvest_d,Potential
Copper rockfish,eco_fish_rockfishcopper_phmasyn_m,rockfishcopper,SeaweedHarvest,hu_co_commercialplantharvest_seaweedharvest_d,Potential
Quillback Rockfish,eco_fish_rockfishquillback_ccira_d,rockfishquillback,SeaweedHarvest,hu_co_commercialplantharvest_seaweedharvest_d,Potential
Quillback Rockfish,eco_fish_rockfishquillback_phmasyn_m,rockfishquillback,SeaweedHarvest,hu_co_commercialplantharvest_seaweedharvest_d,Potential
Tiger rockfish,eco_fish_rockfishtiger_ccira_d,rockfishtiger,SeaweedHarvest,hu_co_commercialplantharvest_seaweedharvest_d,Potential
Tiger rockfish,eco_fish_rockfishtiger_phma_m,rockfishtiger,SeaweedHarvest,hu_co_commercialplantharvest_seaweedharvest_d,Potential
Yelloweye rockfish,eco_fish_rockfishyelloweye_ccira_d,rockfishyelloweye,SeaweedHarvest,hu_co_commercialplantharvest_seaweedharvest_d,Potential
Yelloweye rockfish,eco_fish_rockfishyelloweye_phmasyn_m,rockfishyelloweye,SeaweedHarvest,hu_co_commercialplantharvest_seaweedharvest_d,Potential
Yellowtail rockfish ,eco_fish_rockfishyellowtail_phmasyn_m,rockfishyellowtail,SeaweedHarvest,hu_co_commercialplantharvest_seaweedharvest_d,Potential
Pacific Sand Lance,eco_fish_sandlance_syn_m,sandlance,SeaweedHarvest,hu_co_commercialplantharvest_seaweedharvest_d,Potential
Bull Kelp,eco_plants_bullkelp_biobands_d,bullkelp,SeaweedHarvest,hu_co_commercialplantharvest_seaweedharvest_d,Potential
Bull Kelp,eco_plants_bullkelp_polygons_d,bullkelp,SeaweedHarvest,hu_co_commercialplantharvest_seaweedharvest_d,Potential
General Kelp,eco_plants_generalkelp_polygons_d,generalkelp,SeaweedHarvest,hu_co_commercialplantharvest_seaweedharvest_d,Potential
Giant Kelp,eco_plants_giantkelp_biobands_d,giantkelp,SeaweedHarvest,hu_co_commercialplantharvest_seaweedharvest_d,Potential
Giant Kelp,eco_plants_giantkelp_polygons_d,giantkelp,SeaweedHarvest,hu_co_commercialplantharvest_seaweedharvest_d,Potential
Black Oystercatcher,eco_birds_blackoystercatcher_nestingsites_d,blackoystercatcher,Sewageeffluentfromterrestrial,hu_ot_dischargesanddisposal_sewageeffluentfromterrestrial_d,Potential
Loon/Grebe,eco_birds_loongrebe_density_d,loongrebe,Sewageeffluentfromterrestrial,hu_ot_dischargesanddisposal_sewageeffluentfromterrestrial_d,Potential
Loon/Grebe,eco_birds_loongrebe_densitywinter_d,loongrebe,Sewageeffluentfromterrestrial,hu_ot_dischargesanddisposal_sewageeffluentfromterrestrial_d,Potential
"Sea duck, unspecified",eco_birds_seaduck_densitymoulting_d,seaduck,Sewageeffluentfromterrestrial,hu_ot_dischargesanddisposal_sewageeffluentfromterrestrial_d,Potential
"Sea duck, unspecified",eco_birds_seaduck_densitystaging_d,seaduck,Sewageeffluentfromterrestrial,hu_ot_dischargesanddisposal_sewageeffluentfromterrestrial_d,Potential
"Sea duck, unspecified",eco_birds_seaduck_densitywinter_d,seaduck,Sewageeffluentfromterrestrial,hu_ot_dischargesanddisposal_sewageeffluentfromterrestrial_d,Potential
"Sea duck, unspecified",eco_birds_seaduck_keysites_d,seaduck,Sewageeffluentfromterrestrial,hu_ot_dischargesanddisposal_sewageeffluentfromterrestrial_d,Potential
Shorebird (rocky),eco_birds_shorebirdrock_density_d,shorebirdrock,Sewageeffluentfromterrestrial,hu_ot_dischargesanddisposal_sewageeffluentfromterrestrial_d,Potential
Shorebird (sand),eco_birds_shorebirdsand_density_d,shorebirdsand,Sewageeffluentfromterrestrial,hu_ot_dischargesanddisposal_sewageeffluentfromterrestrial_d,Potential
Shorebird (sand),eco_birds_shorebirdsand_keysites_d,shorebirdsand,Sewageeffluentfromterrestrial,hu_ot_dischargesanddisposal_sewageeffluentfromterrestrial_d,Potential
Pacific salmon,eco_fish_salmon_biomass_d,salmon,Sewageeffluentfromterrestrial,hu_ot_dischargesanddisposal_sewageeffluentfromterrestrial_d,Potential
Chinook salmon,eco_fish_salmonchinook_diversity_d,salmonchinook,Sewageeffluentfromterrestrial,hu_ot_dischargesanddisposal_sewageeffluentfromterrestrial_d,Potential
Chum salmon,eco_fish_salmonchum_diversity_d,salmonchum,Sewageeffluentfromterrestrial,hu_ot_dischargesanddisposal_sewageeffluentfromterrestrial_d,Potential
Coho Salmon,eco_fish_salmoncoho_diversity_d,salmoncoho,Sewageeffluentfromterrestrial,hu_ot_dischargesanddisposal_sewageeffluentfromterrestrial_d,Potential
Pink salmon (even),eco_fish_salmonpinkeven_diversity_d,salmonpinkeven,Sewageeffluentfromterrestrial,hu_ot_dischargesanddisposal_sewageeffluentfromterrestrial_d,Potential
Pink salmon (odd),eco_fish_salmonpinkodd_diversity_d,salmonpinkodd,Sewageeffluentfromterrestrial,hu_ot_dischargesanddisposal_sewageeffluentfromterrestrial_d,Potential
Sockeye salmon,eco_fish_salmonsockeye_diversity_d,salmonsockeye,Sewageeffluentfromterrestrial,hu_ot_dischargesanddisposal_sewageeffluentfromterrestrial_d,Potential
Green Sturgeon,eco_fish_sturgeon_ia_d,sturgeon,Sewageeffluentfromterrestrial,hu_ot_dischargesanddisposal_sewageeffluentfromterrestrial_d,Potential
Olympia Oyster,eco_inverts_olympiaoyster_records_d,olympiaoyster,Sewageeffluentfromterrestrial,hu_ot_dischargesanddisposal_sewageeffluentfromterrestrial_d,Potential
Purple-hinged rock scallop,eco_inverts_purplerockscallop_records_d,purplerockscallop,Sewageeffluentfromterrestrial,hu_ot_dischargesanddisposal_sewageeffluentfromterrestrial_d,Potential
Scallops,eco_inverts_scallops_syn_d,scallops,Sewageeffluentfromterrestrial,hu_ot_dischargesanddisposal_sewageeffluentfromterrestrial_d,Potential
California sea lion,eco_mammals_californiasealion_haulouts_d,californiasealion,Sewageeffluentfromterrestrial,hu_ot_dischargesanddisposal_sewageeffluentfromterrestrial_d,Potential
Northern fur seal,eco_mammals_furseal_ia_d,furseal,Sewageeffluentfromterrestrial,hu_ot_dischargesanddisposal_sewageeffluentfromterrestrial_d,Potential
Harbour seal,eco_mammals_harbourseal_haulouts_m,harbourseal,Sewageeffluentfromterrestrial,hu_ot_dischargesanddisposal_sewageeffluentfromterrestrial_d,Potential
Sea otter,eco_mammals_seaotter_ia_d,seaotter,Sewageeffluentfromterrestrial,hu_ot_dischargesanddisposal_sewageeffluentfromterrestrial_d,Potential
Sea otter,eco_mammals_seaotter_modeledhabitat_d,seaotter,Sewageeffluentfromterrestrial,hu_ot_dischargesanddisposal_sewageeffluentfromterrestrial_d,Potential
Steller sea lion,eco_mammals_stellersealion_hauloutswinter_m,stellersealion,Sewageeffluentfromterrestrial,hu_ot_dischargesanddisposal_sewageeffluentfromterrestrial_d,Potential
Steller sea lion,eco_mammals_stellersealion_hauloutsyearround_m,stellersealion,Sewageeffluentfromterrestrial,hu_ot_dischargesanddisposal_sewageeffluentfromterrestrial_d,Potential
Steller sea lion,eco_mammals_stellersealion_rookeries_m,stellersealion,Sewageeffluentfromterrestrial,hu_ot_dischargesanddisposal_sewageeffluentfromterrestrial_d,Potential
Estuaries,eco_areas_estuaries_polygons_d,estuaries,ShoreUseIntertidalExplor,hu_re_shoreuseintertidalexploration_shoreuseintertidalexplor_d,Potential
Ancient Murrelet,eco_birds_ancientmurrelet_colonies_d,ancientmurrelet,ShoreUseIntertidalExplor,hu_re_shoreuseintertidalexploration_shoreuseintertidalexplor_d,Higher Potential
Black Oystercatcher,eco_birds_blackoystercatcher_nestingsites_d,blackoystercatcher,ShoreUseIntertidalExplor,hu_re_shoreuseintertidalexploration_shoreuseintertidalexplor_d,Potential
Cassin's Auklet,eco_birds_cassinsauklet_colonies_d,cassinsauklet,ShoreUseIntertidalExplor,hu_re_shoreuseintertidalexploration_shoreuseintertidalexplor_d,Higher Potential
Common Murre,eco_birds_commonmurre_colonies_d,commonmurre,ShoreUseIntertidalExplor,hu_re_shoreuseintertidalexploration_shoreuseintertidalexplor_d,Higher Potential
Goose/Swan,eco_birds_gooseswan_density_m,gooseswan,ShoreUseIntertidalExplor,hu_re_shoreuseintertidalexploration_shoreuseintertidalexplor_d,Potential
Goose/Swan,eco_birds_gooseswan_densitywinter_m,gooseswan,ShoreUseIntertidalExplor,hu_re_shoreuseintertidalexploration_shoreuseintertidalexplor_d,Potential
Gulls,eco_birds_gull_density_m,gull,ShoreUseIntertidalExplor,hu_re_shoreuseintertidalexploration_shoreuseintertidalexplor_d,Potential
Gulls,eco_birds_gull_densitywinter_m,gull,ShoreUseIntertidalExplor,hu_re_shoreuseintertidalexploration_shoreuseintertidalexplor_d,Potential
Great Blue Heron,eco_birds_heron_densitywinter_m,heron,ShoreUseIntertidalExplor,hu_re_shoreuseintertidalexploration_shoreuseintertidalexplor_d,Potential
Great Blue Heron,eco_birds_heron_nestsforaging_m,heron,ShoreUseIntertidalExplor,hu_re_shoreuseintertidalexploration_shoreuseintertidalexplor_d,Potential
Horned Puffin,eco_birds_hornedpuffin_colonies_d,hornedpuffin,ShoreUseIntertidalExplor,hu_re_shoreuseintertidalexploration_shoreuseintertidalexplor_d,Higher Potential
Loon/Grebe,eco_birds_loongrebe_density_d,loongrebe,ShoreUseIntertidalExplor,hu_re_shoreuseintertidalexploration_shoreuseintertidalexplor_d,Potential
Loon/Grebe,eco_birds_loongrebe_densitywinter_d,loongrebe,ShoreUseIntertidalExplor,hu_re_shoreuseintertidalexploration_shoreuseintertidalexplor_d,Potential
Murres/Large Alcids,eco_birds_murrelgalcid_density_d,murrelgalcid,ShoreUseIntertidalExplor,hu_re_shoreuseintertidalexploration_shoreuseintertidalexplor_d,Higher Potential
Murres/Large Alcids,eco_birds_murrelgalcid_densitywinter_d,murrelgalcid,ShoreUseIntertidalExplor,hu_re_shoreuseintertidalexploration_shoreuseintertidalexplor_d,Higher Potential
Storm Petrel,eco_birds_petrelphalarope_density_d,petrelphalarope,ShoreUseIntertidalExplor,hu_re_shoreuseintertidalexploration_shoreuseintertidalexplor_d,Higher Potential
Pigeon Guillemot,eco_birds_pigeonguillemot_colonies_d,pigeonguillemot,ShoreUseIntertidalExplor,hu_re_shoreuseintertidalexploration_shoreuseintertidalexplor_d,Higher Potential
Pigeon Guillemot,eco_birds_pigeonguillemot_density_m,pigeonguillemot,ShoreUseIntertidalExplor,hu_re_shoreuseintertidalexploration_shoreuseintertidalexplor_d,Higher Potential
Puffins,eco_birds_puffin_density_d,puffin,ShoreUseIntertidalExplor,hu_re_shoreuseintertidalexploration_shoreuseintertidalexplor_d,Higher Potential
Rhinoceros Auklet,eco_birds_rhinocerosauklet_colonies_d,rhinocerosauklet,ShoreUseIntertidalExplor,hu_re_shoreuseintertidalexploration_shoreuseintertidalexplor_d,Higher Potential
"Sea duck, unspecified",eco_birds_seaduck_densitymoulting_d,seaduck,ShoreUseIntertidalExplor,hu_re_shoreuseintertidalexploration_shoreuseintertidalexplor_d,Potential
"Sea duck, unspecified",eco_birds_seaduck_densitystaging_d,seaduck,ShoreUseIntertidalExplor,hu_re_shoreuseintertidalexploration_shoreuseintertidalexplor_d,Potential
"Sea duck, unspecified",eco_birds_seaduck_densitywinter_d,seaduck,ShoreUseIntertidalExplor,hu_re_shoreuseintertidalexploration_shoreuseintertidalexplor_d,Potential
"Sea duck, unspecified",eco_birds_seaduck_keysites_d,seaduck,ShoreUseIntertidalExplor,hu_re_shoreuseintertidalexploration_shoreuseintertidalexplor_d,Potential
Shearwaters and Fulmars,eco_birds_shearwaterfulmar_density_d,shearwaterfulmar,ShoreUseIntertidalExplor,hu_re_shoreuseintertidalexploration_shoreuseintertidalexplor_d,Higher Potential
Shorebird (rocky),eco_birds_shorebirdrock_density_d,shorebirdrock,ShoreUseIntertidalExplor,hu_re_shoreuseintertidalexploration_shoreuseintertidalexplor_d,Potential
Shorebird (sand),eco_birds_shorebirdsand_density_d,shorebirdsand,ShoreUseIntertidalExplor,hu_re_shoreuseintertidalexploration_shoreuseintertidalexplor_d,Potential
Shorebird (sand),eco_birds_shorebirdsand_keysites_d,shorebirdsand,ShoreUseIntertidalExplor,hu_re_shoreuseintertidalexploration_shoreuseintertidalexplor_d,Potential
Small Alcids,eco_birds_smallalcid_density_d,smallalcid,ShoreUseIntertidalExplor,hu_re_shoreuseintertidalexploration_shoreuseintertidalexplor_d,Higher Potential
Small Alcids,eco_birds_smallalcid_densitywinter_d,smallalcid,ShoreUseIntertidalExplor,hu_re_shoreuseintertidalexploration_shoreuseintertidalexplor_d,Higher Potential
Storm Petrel,eco_birds_stormpetrel_colonies_d,stormpetrel,ShoreUseIntertidalExplor,hu_re_shoreuseintertidalexploration_shoreuseintertidalexplor_d,Higher Potential
Thick-billed Murre,eco_birds_thickbilledmurre_colonies_d,thickbilledmurre,ShoreUseIntertidalExplor,hu_re_shoreuseintertidalexploration_shoreuseintertidalexplor_d,Higher Potential
Tufted Puffin,eco_birds_tuftedpuffin_colonies_d,tuftedpuffin,ShoreUseIntertidalExplor,hu_re_shoreuseintertidalexploration_shoreuseintertidalexplor_d,Higher Potential
Olympia Oyster,eco_inverts_olympiaoyster_records_d,olympiaoyster,ShoreUseIntertidalExplor,hu_re_shoreuseintertidalexploration_shoreuseintertidalexplor_d,Higher Potential
Purple-hinged rock scallop,eco_inverts_purplerockscallop_records_d,purplerockscallop,ShoreUseIntertidalExplor,hu_re_shoreuseintertidalexploration_shoreuseintertidalexplor_d,Higher Potential
Scallops,eco_inverts_scallops_syn_d,scallops,ShoreUseIntertidalExplor,hu_re_shoreuseintertidalexploration_shoreuseintertidalexplor_d,Higher Potential
Eelgrass,eco_plants_eelgrass_biobands_d,eelgrass,ShoreUseIntertidalExplor,hu_re_shoreuseintertidalexploration_shoreuseintertidalexplor_d,Potential
Eelgrass,eco_plants_eelgrass_polygons_d,eelgrass,ShoreUseIntertidalExplor,hu_re_shoreuseintertidalexploration_shoreuseintertidalexplor_d,Potential
Eelgrass,eco_plants_eelgrass_prioritypolygons_d,eelgrass,ShoreUseIntertidalExplor,hu_re_shoreuseintertidalexploration_shoreuseintertidalexplor_d,Potential
Surfgrass,eco_plants_surfgrass_biobands_d,surfgrass,ShoreUseIntertidalExplor,hu_re_shoreuseintertidalexploration_shoreuseintertidalexplor_d,Potential
Estuaries,eco_areas_estuaries_polygons_d,estuaries,ShrimpTrawling,hu_co_demersalfishing_shrimptrawling_d,Negligible
Bottom patches,eco_coarse_bottompatches_polygonshard_d,bottompatches,ShrimpTrawling,hu_co_demersalfishing_shrimptrawling_d,Potential
Bottom Patches,eco_coarse_bottompatches_polygonssoft_d,bottompatches,ShrimpTrawling,hu_co_demersalfishing_shrimptrawling_d,Higher Potential
Eulachon,eco_fish_eulachon_spawn_d,eulachon,ShrimpTrawling,hu_co_demersalfishing_shrimptrawling_d,Higher Potential
Eulachon,eco_fish_eulachon_summer_d,eulachon,ShrimpTrawling,hu_co_demersalfishing_shrimptrawling_d,Higher Potential
Dover sole ,eco_fish_soledover_syn_m,soledover,ShrimpTrawling,hu_co_demersalfishing_shrimptrawling_d,Potential
Petrale sole ,eco_fish_solepetrale_syn_m,solepetrale,ShrimpTrawling,hu_co_demersalfishing_shrimptrawling_d,Potential
Rex Sole,eco_fish_solerex_syn_m,solerex,ShrimpTrawling,hu_co_demersalfishing_shrimptrawling_d,Potential
Soft corals,eco_inverts_alcyonacea_model_d,alcyonacea,ShrimpTrawling,hu_co_demersalfishing_shrimptrawling_d,Higher Potential
Black corals,eco_inverts_antipatharia_model_d,antipatharia,ShrimpTrawling,hu_co_demersalfishing_shrimptrawling_d,Higher Potential
Corals,eco_inverts_coralhotspot_ccira,coral,ShrimpTrawling,hu_co_demersalfishing_shrimptrawling_d,Higher Potential
Corals,eco_inverts_coral_trawlsyn_d,coral,ShrimpTrawling,hu_co_demersalfishing_shrimptrawling_d,Higher Potential
Sea pens,eco_inverts_pennatulacea_model_d,pennatulacea,ShrimpTrawling,hu_co_demersalfishing_shrimptrawling_d,Higher Potential
Sea pens,eco_inverts_pennatulacea_trawlsyn_d,pennatulacea,ShrimpTrawling,hu_co_demersalfishing_shrimptrawling_d,Higher Potential
Prawn ,eco_inverts_prawn_records_d,prawn,ShrimpTrawling,hu_co_demersalfishing_shrimptrawling_d,Potential
Hand or stony corals,eco_inverts_scleractinia_model_d,scleractinia,ShrimpTrawling,hu_co_demersalfishing_shrimptrawling_d,Higher Potential
Ochre star,eco_inverts_seastarochre_records_d,seastarochre,ShrimpTrawling,hu_co_demersalfishing_shrimptrawling_d,Higher Potential
Sunflower sea star,eco_inverts_seastarsunflower_records_d,seastarsunflower,ShrimpTrawling,hu_co_demersalfishing_shrimptrawling_d,Higher Potential
Coonstripe/dock shrimp,eco_inverts_shrimpcoonstripe_records_d,shrimpcoonstripe,ShrimpTrawling,hu_co_demersalfishing_shrimptrawling_d,Potential
Humpback shrimp ,eco_inverts_shrimphumpback_records_d,shrimphumpback,ShrimpTrawling,hu_co_demersalfishing_shrimptrawling_d,Higher Potential
Sidestripe shrimp,eco_inverts_shrimpsidestripe_records_d,shrimpsidestripe,ShrimpTrawling,hu_co_demersalfishing_shrimptrawling_d,Higher Potential
Smooth pink shrimp,eco_inverts_shrimpsmoothpink_records_d,shrimpsmoothpink,ShrimpTrawling,hu_co_demersalfishing_shrimptrawling_d,Higher Potential
Spiny or northern pink shrimp,eco_inverts_shrimpspinypink_records_d,shrimpspinypink,ShrimpTrawling,hu_co_demersalfishing_shrimptrawling_d,Higher Potential
Hexactinellida,eco_inverts_spongereef_polygons_m,spongereef,BottomTrawling,hu_co_demersalfishing_bottomtrawling_d,Higher Potential
Hexactinellida,eco_inverts_spongereef_polygons_m,spongereef,InvertTrapComCRAB,hu_co_demersalfishing_inverttrapcom_d,Higher Potential
Hexactinellida,eco_inverts_spongereef_polygons_m,spongereef,InvertTrapComPRAWN,hu_co_demersalfishing_inverttrapcom_d,Higher Potential
Eelgrass,eco_plants_eelgrass_biobands_d,eelgrass,ShrimpTrawling,hu_co_demersalfishing_shrimptrawling_d,Negligible
Eelgrass,eco_plants_eelgrass_polygons_d,eelgrass,ShrimpTrawling,hu_co_demersalfishing_shrimptrawling_d,Negligible
Eelgrass,eco_plants_eelgrass_prioritypolygons_d,eelgrass,ShrimpTrawling,hu_co_demersalfishing_shrimptrawling_d,Negligible
Surfgrass,eco_plants_surfgrass_biobands_d,surfgrass,ShrimpTrawling,hu_co_demersalfishing_shrimptrawling_d,Negligible
Estuaries,eco_areas_estuaries_polygons_d,estuaries,TerrestrialMineRunoff,hu_ot_dischargesanddisposal_terrestrialminerunoff_d,Higher Potential
Bottom Patches,eco_coarse_bottompatches_polygonssoft_d,bottompatches,TerrestrialMineRunoff,hu_ot_dischargesanddisposal_terrestrialminerunoff_d,Potential
Pacific salmon,eco_fish_salmon_biomass_d,salmon,TerrestrialMineRunoff,hu_ot_dischargesanddisposal_terrestrialminerunoff_d,Potential
Chinook salmon,eco_fish_salmonchinook_diversity_d,salmonchinook,TerrestrialMineRunoff,hu_ot_dischargesanddisposal_terrestrialminerunoff_d,Potential
Chum salmon,eco_fish_salmonchum_diversity_d,salmonchum,TerrestrialMineRunoff,hu_ot_dischargesanddisposal_terrestrialminerunoff_d,Potential
Coho Salmon,eco_fish_salmoncoho_diversity_d,salmoncoho,TerrestrialMineRunoff,hu_ot_dischargesanddisposal_terrestrialminerunoff_d,Potential
Pink salmon (even),eco_fish_salmonpinkeven_diversity_d,salmonpinkeven,TerrestrialMineRunoff,hu_ot_dischargesanddisposal_terrestrialminerunoff_d,Potential
Pink salmon (odd),eco_fish_salmonpinkodd_diversity_d,salmonpinkodd,TerrestrialMineRunoff,hu_ot_dischargesanddisposal_terrestrialminerunoff_d,Potential
Sockeye salmon,eco_fish_salmonsockeye_diversity_d,salmonsockeye,TerrestrialMineRunoff,hu_ot_dischargesanddisposal_terrestrialminerunoff_d,Potential
Butter clams,eco_inverts_clambutter_records_d,clambutter,TerrestrialMineRunoff,hu_ot_dischargesanddisposal_terrestrialminerunoff_d,Higher Potential
Horse clam,eco_inverts_clamhorse_records_d,clamhorse,TerrestrialMineRunoff,hu_ot_dischargesanddisposal_terrestrialminerunoff_d,Higher Potential
Littleneck clam,eco_inverts_clamlittleneck_records_d,clamlittleneck,TerrestrialMineRunoff,hu_ot_dischargesanddisposal_terrestrialminerunoff_d,Higher Potential
Razor clam,eco_inverts_clamrazor_ia_d,clamrazor,TerrestrialMineRunoff,hu_ot_dischargesanddisposal_terrestrialminerunoff_d,Higher Potential
Cockles,eco_inverts_cockle_records_d,cockle,TerrestrialMineRunoff,hu_ot_dischargesanddisposal_terrestrialminerunoff_d,Higher Potential
Dungeness crab ,eco_inverts_dungeness_ia_d,dungeness,TerrestrialMineRunoff,hu_ot_dischargesanddisposal_terrestrialminerunoff_d,Potential
Dungeness crab ,eco_inverts_dungeness_records_d,dungeness,TerrestrialMineRunoff,hu_ot_dischargesanddisposal_terrestrialminerunoff_d,Potential
Geoduck,eco_inverts_geoduck_records_d,geoduck,TerrestrialMineRunoff,hu_ot_dischargesanddisposal_terrestrialminerunoff_d,Higher Potential
Olympia Oyster,eco_inverts_olympiaoyster_records_d,olympiaoyster,TerrestrialMineRunoff,hu_ot_dischargesanddisposal_terrestrialminerunoff_d,Higher Potential
Purple-hinged rock scallop,eco_inverts_purplerockscallop_records_d,purplerockscallop,TerrestrialMineRunoff,hu_ot_dischargesanddisposal_terrestrialminerunoff_d,Higher Potential
Scallops,eco_inverts_scallops_syn_d,scallops,TerrestrialMineRunoff,hu_ot_dischargesanddisposal_terrestrialminerunoff_d,Higher Potential
Deepwater grooved tanner crab,eco_inverts_tannercrabdeep_sab_d,tannercrabdeep,TerrestrialMineRunoff,hu_ot_dischargesanddisposal_terrestrialminerunoff_d,Potential
Green Urchin,eco_inverts_urchingreen_records_d,urchingreen,TerrestrialMineRunoff,hu_ot_dischargesanddisposal_terrestrialminerunoff_d,Higher Potential
Red Urchin,eco_inverts_urchinred_records_d,urchinred,TerrestrialMineRunoff,hu_ot_dischargesanddisposal_terrestrialminerunoff_d,Higher Potential
Orca NE Pacific Northern Residents,eco_mammals_killerwhaleresident_ch_d,killerwhaleresident,TerrestrialMineRunoff,hu_ot_dischargesanddisposal_terrestrialminerunoff_d,Potential
Orca NE Pacific Northern Residents,eco_mammals_killerwhaleresident_ia_d,killerwhaleresident,TerrestrialMineRunoff,hu_ot_dischargesanddisposal_terrestrialminerunoff_d,Potential
Orca NE Pacific Northern Residents,eco_mammals_killerwhaleresident_potentialch_d,killerwhaleresident,TerrestrialMineRunoff,hu_ot_dischargesanddisposal_terrestrialminerunoff_d,Potential
Orca NE Pacific Transients,eco_mammals_killerwhaletransient_hsi_d,killerwhaletransient,TerrestrialMineRunoff,hu_ot_dischargesanddisposal_terrestrialminerunoff_d,Potential
Bull Kelp,eco_plants_bullkelp_biobands_d,bullkelp,TerrestrialMineRunoff,hu_ot_dischargesanddisposal_terrestrialminerunoff_d,Potential
Bull Kelp,eco_plants_bullkelp_polygons_d,bullkelp,TerrestrialMineRunoff,hu_ot_dischargesanddisposal_terrestrialminerunoff_d,Potential
Phytoplankton,eco_plants_chlorophylla_bloom_d,chlorophylla,TerrestrialMineRunoff,hu_ot_dischargesanddisposal_terrestrialminerunoff_d,Potential
Phytoplankton,eco_plants_chlorophylla_concentration_d,chlorophylla,TerrestrialMineRunoff,hu_ot_dischargesanddisposal_terrestrialminerunoff_d,Potential
General Kelp,eco_plants_generalkelp_polygons_d,generalkelp,TerrestrialMineRunoff,hu_ot_dischargesanddisposal_terrestrialminerunoff_d,Potential
Giant Kelp,eco_plants_giantkelp_biobands_d,giantkelp,TerrestrialMineRunoff,hu_ot_dischargesanddisposal_terrestrialminerunoff_d,Potential
Giant Kelp,eco_plants_giantkelp_polygons_d,giantkelp,TerrestrialMineRunoff,hu_ot_dischargesanddisposal_terrestrialminerunoff_d,Potential
Bottom Patches,eco_coarse_bottompatches_polygonssoft_d,bottompatches,TidalStream,hu_ma_tidalcurrent_tidalstream_d,Higher Potential
Dungeness crab ,eco_inverts_dungeness_ia_d,dungeness,TidalStream,hu_ma_tidalcurrent_tidalstream_d,Potential
Dungeness crab ,eco_inverts_dungeness_records_d,dungeness,TidalStream,hu_ma_tidalcurrent_tidalstream_d,Potential
Deepwater grooved tanner crab,eco_inverts_tannercrabdeep_sab_d,tannercrabdeep,TidalStream,hu_ma_tidalcurrent_tidalstream_d,Potential
Harbour seal,eco_mammals_harbourseal_haulouts_m,harbourseal,TidalStream,hu_ma_tidalcurrent_tidalstream_d,Potential
Orca NE Pacific Northern Residents,eco_mammals_killerwhaleresident_ch_d,killerwhaleresident,TidalStream,hu_ma_tidalcurrent_tidalstream_d,Potential
Orca NE Pacific Northern Residents,eco_mammals_killerwhaleresident_ia_d,killerwhaleresident,TidalStream,hu_ma_tidalcurrent_tidalstream_d,Potential
Orca NE Pacific Northern Residents,eco_mammals_killerwhaleresident_potentialch_d,killerwhaleresident,TidalStream,hu_ma_tidalcurrent_tidalstream_d,Potential
Orca NE Pacific Transients,eco_mammals_killerwhaletransient_hsi_d,killerwhaletransient,TidalStream,hu_ma_tidalcurrent_tidalstream_d,Potential
Estuaries,eco_areas_estuaries_polygons_d,estuaries,TrapRecCRAB,hu_rf_demersalfishing_traprec_d,Potential
Bottom patches,eco_coarse_bottompatches_polygonshard_d,bottompatches,TrapRec,hu_rf_demersalfishing_traprec_d,Negligible
China rockfish,eco_fish_rockfishchina_ccira_d,rockfishchina,TrapRec,hu_rf_demersalfishing_traprec_d,Negligible
China rockfish,eco_fish_rockfishchina_phma_m,rockfishchina,TrapRec,hu_rf_demersalfishing_traprec_d,Negligible
Copper rockfish,eco_fish_rockfishcopper_phmasyn_m,rockfishcopper,TrapRecPRAWN,hu_rf_demersalfishing_traprec_d,Potential
Greenstriped rockfish,eco_fish_rockfishgreenstriped_phmasyn_m,rockfishgreenstriped,TrapRecPRAWN,hu_rf_demersalfishing_traprec_d,Potential
Quillback Rockfish,eco_fish_rockfishquillback_ccira_d,rockfishquillback,TrapRecPRAWN,hu_rf_demersalfishing_traprec_d,Potential
Quillback Rockfish,eco_fish_rockfishquillback_phmasyn_m,rockfishquillback,TrapRecPRAWN,hu_rf_demersalfishing_traprec_d,Potential
Tiger rockfish,eco_fish_rockfishtiger_ccira_d,rockfishtiger,TrapRecPRAWN,hu_rf_demersalfishing_traprec_d,Potential
Tiger rockfish,eco_fish_rockfishtiger_phma_m,rockfishtiger,TrapRecPRAWN,hu_rf_demersalfishing_traprec_d,Potential
Yelloweye rockfish,eco_fish_rockfishyelloweye_ccira_d,rockfishyelloweye,TrapRecPRAWN,hu_rf_demersalfishing_traprec_d,Potential
Yelloweye rockfish,eco_fish_rockfishyelloweye_phmasyn_m,rockfishyelloweye,TrapRecPRAWN,hu_rf_demersalfishing_traprec_d,Potential
Soft corals,eco_inverts_alcyonacea_model_d,alcyonacea,TrapRecPRAWN,hu_rf_demersalfishing_traprec_d,Potential
Black corals,eco_inverts_antipatharia_model_d,antipatharia,TrapRecPRAWN,hu_rf_demersalfishing_traprec_d,Potential
Corals,eco_inverts_coralhotspot_ccira,coral,TrapRecPRAWN,hu_rf_demersalfishing_traprec_d,Potential
Corals,eco_inverts_coral_trawlsyn_d,coral,TrapRecPRAWN,hu_rf_demersalfishing_traprec_d,Potential
Dungeness crab ,eco_inverts_dungeness_ia_d,dungeness,TrapRecCRAB,hu_rf_demersalfishing_traprec_d,Higher Potential
Dungeness crab ,eco_inverts_dungeness_records_d,dungeness,TrapRecCRAB,hu_rf_demersalfishing_traprec_d,Higher Potential
Giant pacific octopus,eco_inverts_octopusgiantpacific_records_d,octopusgiantpacific,TrapRecCRAB,hu_rf_demersalfishing_traprec_d,Potential
Sea pens,eco_inverts_pennatulacea_model_d,pennatulacea,TrapRecCRAB,hu_rf_demersalfishing_traprec_d,Potential
Sea pens,eco_inverts_pennatulacea_trawlsyn_d,pennatulacea,TrapRecCRAB,hu_rf_demersalfishing_traprec_d,Potential
Prawn ,eco_inverts_prawn_records_d,prawn,TrapRecPRAWN,hu_rf_demersalfishing_traprec_d,Higher Potential
Hand or stony corals,eco_inverts_scleractinia_model_d,scleractinia,TrapRecPRAWN,hu_rf_demersalfishing_traprec_d,Potential
Coonstripe/dock shrimp,eco_inverts_shrimpcoonstripe_records_d,shrimpcoonstripe,TrapRec,hu_rf_demersalfishing_traprec_d,Negligible
Humpback shrimp ,eco_inverts_shrimphumpback_records_d,shrimphumpback,TrapRec,hu_rf_demersalfishing_traprec_d,Negligible
Sidestripe shrimp,eco_inverts_shrimpsidestripe_records_d,shrimpsidestripe,TrapRecPRAWN,hu_rf_demersalfishing_traprec_d,Higher Potential
Spiny or northern pink shrimp,eco_inverts_shrimpspinypink_records_d,shrimpspinypink,TrapRecPRAWN,hu_rf_demersalfishing_traprec_d,Higher Potential
Hexactinellida,eco_inverts_spongereef_polygons_m,spongereef,SableTrapCom,hu_co_demersalfishing_sabletrapcom_d,Higher Potential
Hexactinellida,eco_inverts_spongereef_polygons_m,spongereef,ShrimpTrawling,hu_co_demersalfishing_shrimptrawling_d,Higher Potential
Hexactinellida,eco_inverts_spongereef_polygons_m,spongereef,FoodSocialCeremonial,hu_ih_indigenousharvest_foodsocialceremonial,Potential
Deepwater grooved tanner crab,eco_inverts_tannercrabdeep_sab_d,tannercrabdeep,TrapRec,hu_rf_demersalfishing_traprec_d,Negligible
Humpback Whale,eco_mammals_humpbackwhale_ch_d,humpbackwhale,TrapRecCRAB,hu_rf_demersalfishing_traprec_d,Potential
Humpback Whale,eco_mammals_humpbackwhale_density_d,humpbackwhale,TrapRecCRAB,hu_rf_demersalfishing_traprec_d,Potential
Eelgrass,eco_plants_eelgrass_biobands_d,eelgrass,TrapRecCRAB,hu_rf_demersalfishing_traprec_d,Potential
Eelgrass,eco_plants_eelgrass_polygons_d,eelgrass,TrapRecCRAB,hu_rf_demersalfishing_traprec_d,Potential
Eelgrass,eco_plants_eelgrass_prioritypolygons_d,eelgrass,TrapRecCRAB,hu_rf_demersalfishing_traprec_d,Potential
Surfgrass,eco_plants_surfgrass_biobands_d,surfgrass,TrapRec,hu_rf_demersalfishing_traprec_d,Negligible
Arrowtooth flounder,eco_fish_arrowtooth_phmasynsab_m,arrowtooth,TrollingRodandReelRec,hu_rf_pelagicfishing_trollingrodandreelrec_d,Potential
Pacific Halibut ,eco_fish_halibut_phmasynsab_m,halibut,TrollingRodandReelRec,hu_rf_pelagicfishing_trollingrodandreelrec_d,Potential
Lingcod,eco_fish_lingcod_ccira_d,lingcod,TrollingRodandReelRec,hu_rf_pelagicfishing_trollingrodandreelrec_d,Potential
Bocaccio,eco_fish_rockfishbocaccio_ccira_d,rockfishbocaccio,TrollingRodandReelRec,hu_rf_pelagicfishing_trollingrodandreelrec_d,Potential
Bocaccio,eco_fish_rockfishbocaccio_phmasyn_m,rockfishbocaccio,TrollingRodandReelRec,hu_rf_pelagicfishing_trollingrodandreelrec_d,Potential
Canary Rockfish,eco_fish_rockfishcanary_ccira_d,rockfishcanary,TrollingRodandReelRec,hu_rf_pelagicfishing_trollingrodandreelrec_d,Potential
Canary Rockfish,eco_fish_rockfishcanary_phmasyn_m,rockfishcanary,TrollingRodandReelRec,hu_rf_pelagicfishing_trollingrodandreelrec_d,Potential
China rockfish,eco_fish_rockfishchina_ccira_d,rockfishchina,TrollingRodandReelRec,hu_rf_pelagicfishing_trollingrodandreelrec_d,Potential
China rockfish,eco_fish_rockfishchina_phma_m,rockfishchina,TrollingRodandReelRec,hu_rf_pelagicfishing_trollingrodandreelrec_d,Potential
Copper rockfish,eco_fish_rockfishcopper_phmasyn_m,rockfishcopper,TrollingRodandReelRec,hu_rf_pelagicfishing_trollingrodandreelrec_d,Potential
Quillback Rockfish,eco_fish_rockfishquillback_ccira_d,rockfishquillback,TrollingRodandReelRec,hu_rf_pelagicfishing_trollingrodandreelrec_d,Potential
Quillback Rockfish,eco_fish_rockfishquillback_phmasyn_m,rockfishquillback,TrollingRodandReelRec,hu_rf_pelagicfishing_trollingrodandreelrec_d,Potential
Tiger rockfish,eco_fish_rockfishtiger_ccira_d,rockfishtiger,TrollingRodandReelRec,hu_rf_pelagicfishing_trollingrodandreelrec_d,Potential
Tiger rockfish,eco_fish_rockfishtiger_phma_m,rockfishtiger,TrollingRodandReelRec,hu_rf_pelagicfishing_trollingrodandreelrec_d,Potential
Vermillion rockfish,eco_fish_rockfishvermilion_phma_m,rockfishvermilion,TrollingRodandReelRec,hu_rf_pelagicfishing_trollingrodandreelrec_d,Potential
Yelloweye rockfish,eco_fish_rockfishyelloweye_ccira_d,rockfishyelloweye,TrollingRodandReelRec,hu_rf_pelagicfishing_trollingrodandreelrec_d,Potential
Yelloweye rockfish,eco_fish_rockfishyelloweye_phmasyn_m,rockfishyelloweye,TrollingRodandReelRec,hu_rf_pelagicfishing_trollingrodandreelrec_d,Potential
Yellowtail rockfish,eco_fish_rockfishyellowtail_phmasyn_m,rockfishyellowtail,TrollingRodandReelRec,hu_rf_pelagicfishing_trollingrodandreelrec_d,Potential
Pacific salmon,eco_fish_salmon_biomass_d,salmon,TrollingRodandReelRec,hu_rf_pelagicfishing_trollingrodandreelrec_d,Higher Potential
Chinook salmon,eco_fish_salmonchinook_diversity_d,salmonchinook,TrollingRodandReelRec,hu_rf_pelagicfishing_trollingrodandreelrec_d,Higher Potential
Chum salmon,eco_fish_salmonchum_diversity_d,salmonchum,TrollingRodandReelRec,hu_rf_pelagicfishing_trollingrodandreelrec_d,Potential
Coho Salmon,eco_fish_salmoncoho_diversity_d,salmoncoho,TrollingRodandReelRec,hu_rf_pelagicfishing_trollingrodandreelrec_d,Higher Potential
Pink salmon (even),eco_fish_salmonpinkeven_diversity_d,salmonpinkeven,TrollingRodandReelRec,hu_rf_pelagicfishing_trollingrodandreelrec_d,Potential
Pink salmon (odd),eco_fish_salmonpinkodd_diversity_d,salmonpinkodd,TrollingRodandReelRec,hu_rf_pelagicfishing_trollingrodandreelrec_d,Potential
Sockeye salmon,eco_fish_salmonsockeye_diversity_d,salmonsockeye,TrollingRodandReelRec,hu_rf_pelagicfishing_trollingrodandreelrec_d,Potential
Albatrosses,eco_birds_albatross_density_m,albatross,Windturbinesinshallowtransitionaldeepwaters,hu_ma_windpower_windturbinesinshallowtransitionaldeepwaters_d,Higher Potential
Goose/Swan,eco_birds_gooseswan_density_m,gooseswan,Windturbinesinshallowtransitionaldeepwaters,hu_ma_windpower_windturbinesinshallowtransitionaldeepwaters_d,Potential
Goose/Swan,eco_birds_gooseswan_densitywinter_m,gooseswan,Windturbinesinshallowtransitionaldeepwaters,hu_ma_windpower_windturbinesinshallowtransitionaldeepwaters_d,Potential
Great Blue Heron,eco_birds_heron_densitywinter_m,heron,Windturbinesinshallowtransitionaldeepwaters,hu_ma_windpower_windturbinesinshallowtransitionaldeepwaters_d,Potential
Great Blue Heron,eco_birds_heron_nestsforaging_m,heron,Windturbinesinshallowtransitionaldeepwaters,hu_ma_windpower_windturbinesinshallowtransitionaldeepwaters_d,Potential
Loon/Grebe,eco_birds_loongrebe_density_d,loongrebe,Windturbinesinshallowtransitionaldeepwaters,hu_ma_windpower_windturbinesinshallowtransitionaldeepwaters_d,Potential
Loon/Grebe,eco_birds_loongrebe_densitywinter_d,loongrebe,Windturbinesinshallowtransitionaldeepwaters,hu_ma_windpower_windturbinesinshallowtransitionaldeepwaters_d,Potential
"Duck, unspecified",eco_birds_seaduck_densitymoulting_d,seaduck,Windturbinesinshallowtransitionaldeepwaters,hu_ma_windpower_windturbinesinshallowtransitionaldeepwaters_d,Potential
"Duck, unspecified",eco_birds_seaduck_densitystaging_d,seaduck,Windturbinesinshallowtransitionaldeepwaters,hu_ma_windpower_windturbinesinshallowtransitionaldeepwaters_d,Potential
"Duck, unspecified",eco_birds_seaduck_densitywinter_d,seaduck,Windturbinesinshallowtransitionaldeepwaters,hu_ma_windpower_windturbinesinshallowtransitionaldeepwaters_d,Potential
"Duck, unspecified",eco_birds_seaduck_keysites_d,seaduck,Windturbinesinshallowtransitionaldeepwaters,hu_ma_windpower_windturbinesinshallowtransitionaldeepwaters_d,Potential
Shearwaters and Fulmars,eco_birds_shearwaterfulmar_density_d,shearwaterfulmar,Windturbinesinshallowtransitionaldeepwaters,hu_ma_windpower_windturbinesinshallowtransitionaldeepwaters_d,Higher Potential
Bottom Patches,eco_coarse_bottompatches_polygonssoft_d,bottompatches,Windturbinesinshallowtransitionaldeepwaters,hu_ma_windpower_windturbinesinshallowtransitionaldeepwaters_d,Higher Potential
California sea lion,eco_mammals_californiasealion_haulouts_d,californiasealion,Windturbinesinshallowtransitionaldeepwaters,hu_ma_windpower_windturbinesinshallowtransitionaldeepwaters_d,Potential
Dall's Porpoise,eco_mammals_dallsporpoise_density_d,dallsporpoise,Windturbinesinshallowtransitionaldeepwaters,hu_ma_windpower_windturbinesinshallowtransitionaldeepwaters_d,Potential
Northern fur seal,eco_mammals_furseal_ia_d,furseal,Windturbinesinshallowtransitionaldeepwaters,hu_ma_windpower_windturbinesinshallowtransitionaldeepwaters_d,Potential
Harbour porpoise,eco_mammals_harbourporpoise_density_d,harbourporpoise,Windturbinesinshallowtransitionaldeepwaters,hu_ma_windpower_windturbinesinshallowtransitionaldeepwaters_d,Potential
Harbour seal,eco_mammals_harbourseal_haulouts_m,harbourseal,Windturbinesinshallowtransitionaldeepwaters,hu_ma_windpower_windturbinesinshallowtransitionaldeepwaters_d,Potential
Northern Right Whale Dolphin,eco_mammals_northernrightwhaledolphin_density_d,northernrightwhaledolphin,Windturbinesinshallowtransitionaldeepwaters,hu_ma_windpower_windturbinesinshallowtransitionaldeepwaters_d,Potential
Pacific white-sided dolphin,eco_mammals_pacificwhitesideddolphin_density_d,pacificwhitesideddolphin,Windturbinesinshallowtransitionaldeepwaters,hu_ma_windpower_windturbinesinshallowtransitionaldeepwaters_d,Potential
Sea otter,eco_mammals_seaotter_ia_d,seaotter,Windturbinesinshallowtransitionaldeepwaters,hu_ma_windpower_windturbinesinshallowtransitionaldeepwaters_d,Potential
Sea otter,eco_mammals_seaotter_modeledhabitat_d,seaotter,Windturbinesinshallowtransitionaldeepwaters,hu_ma_windpower_windturbinesinshallowtransitionaldeepwaters_d,Potential
Steller sea lion,eco_mammals_stellersealion_hauloutswinter_m,stellersealion,Windturbinesinshallowtransitionaldeepwaters,hu_ma_windpower_windturbinesinshallowtransitionaldeepwaters_d,Potential
Steller sea lion,eco_mammals_stellersealion_hauloutsyearround_m,stellersealion,Windturbinesinshallowtransitionaldeepwaters,hu_ma_windpower_windturbinesinshallowtransitionaldeepwaters_d,Potential
Steller sea lion,eco_mammals_stellersealion_rookeries_m,stellersealion,Windturbinesinshallowtransitionaldeepwaters,hu_ma_windpower_windturbinesinshallowtransitionaldeepwaters_d,Potential
,,,,,
Redstripe rockfish,eco_fish_rockfishredstripe_ccira_d,rockfishredstripe,BoatBasedCommWild,hu_re_boatbasedcommercialwildlifeviewing_boatbasedcommwild_d,Potential
Redstripe rockfish,eco_fish_rockfishredstripe_ccira_d,rockfishredstripe,BottomLongline,hu_co_demersalfishing_bottomlongline_d,Negligible
Redstripe rockfish,eco_fish_rockfishredstripe_ccira_d,rockfishredstripe,BottomTrawling,hu_co_demersalfishing_bottomtrawling_d,Higher Potential
Redstripe rockfish,eco_fish_rockfishredstripe_ccira_d,rockfishredstripe,FoodSocialCeremonial,hu_ih_indigenousharvest_foodsocialceremonial,Potential
Redstripe rockfish,eco_fish_rockfishredstripe_ccira_d,rockfishredstripe,LargeVesselsCargo,hu_tr_largevesselscargoandcruiseships_largevesselscargo_d,Potential
Redstripe rockfish,eco_fish_rockfishredstripe_ccira_d,rockfishredstripe,MotorizedRecBoating,hu_re_motorizedrecreationalboating_motorizedrecboating_d,Potential
Redstripe rockfish,eco_fish_rockfishredstripe_ccira_d,rockfishredstripe,Pelagicandmidwatertrawls,hu_co_pelagicfishing_pelagicandmidwatertrawls_d,Higher Potential
Redstripe rockfish,eco_fish_rockfishredstripe_ccira_d,rockfishredstripe,SalmonTrollCom,hu_co_pelagicfishing_salmontrollcom_d,Potential
Rougheye/Blackspotted Rockfish,eco_fish_rockfishrougheyeblkspt_ccira_d,rockfishrougheyeblackspotted,BoatBasedCommWild,hu_re_boatbasedcommercialwildlifeviewing_boatbasedcommwild_d,Potential
Rougheye/Blackspotted Rockfish,eco_fish_rockfishrougheyeblkspt_ccira_d,rockfishrougheyeblackspotted,BottomLongline,hu_co_demersalfishing_bottomlongline_d,Higher Potential
Rougheye/Blackspotted Rockfish,eco_fish_rockfishrougheyeblkspt_ccira_d,rockfishrougheyeblackspotted,BottomTrawling,hu_co_demersalfishing_bottomtrawling_d,Higher Potential
Rougheye/Blackspotted Rockfish,eco_fish_rockfishrougheyeblkspt_ccira_d,rockfishrougheyeblackspotted,FoodSocialCeremonial,hu_ih_indigenousharvest_foodsocialceremonial,Potential
Rougheye/Blackspotted Rockfish,eco_fish_rockfishrougheyeblkspt_ccira_d,rockfishrougheyeblackspotted,LargeVesselsCargo,hu_tr_largevesselscargoandcruiseships_largevesselscargo_d,Potential
Rougheye/Blackspotted Rockfish,eco_fish_rockfishrougheyeblkspt_ccira_d,rockfishrougheyeblackspotted,MotorizedRecBoating,hu_re_motorizedrecreationalboating_motorizedrecboating_d,Potential
Rougheye/Blackspotted Rockfish,eco_fish_rockfishrougheyeblkspt_ccira_d,rockfishrougheyeblackspotted,Pelagicandmidwatertrawls,hu_co_pelagicfishing_pelagicandmidwatertrawls_d,Potential
Rougheye/Blackspotted Rockfish,eco_fish_rockfishrougheyeblkspt_ccira_d,rockfishrougheyeblackspotted,SableTrapCom,hu_co_demersalfishing_sabletrapcom_d,Potential
Rougheye/Blackspotted Rockfish,eco_fish_rockfishrougheyeblkspt_ccira_d,rockfishrougheyeblackspotted,SalmonTrollCom,hu_co_pelagicfishing_salmontrollcom_d,Negligible
Shortraker rockfish,eco_fish_rockfishshortraker_ccira_d,rockfishshortraker,BoatBasedCommWild,hu_re_boatbasedcommercialwildlifeviewing_boatbasedcommwild_d,Potential
Shortraker rockfish,eco_fish_rockfishshortraker_ccira_d,rockfishshortraker,BottomLongline,hu_co_demersalfishing_bottomlongline_d,Higher Potential
Shortraker rockfish,eco_fish_rockfishshortraker_ccira_d,rockfishshortraker,BottomTrawling,hu_co_demersalfishing_bottomtrawling_d,Higher Potential
Shortraker rockfish,eco_fish_rockfishshortraker_ccira_d,rockfishshortraker,FoodSocialCeremonial,hu_ih_indigenousharvest_foodsocialceremonial,Potential
Shortraker rockfish,eco_fish_rockfishshortraker_ccira_d,rockfishshortraker,LargeVesselsCargo,hu_tr_largevesselscargoandcruiseships_largevesselscargo_d,Potential
Shortraker rockfish,eco_fish_rockfishshortraker_ccira_d,rockfishshortraker,MotorizedRecBoating,hu_re_motorizedrecreationalboating_motorizedrecboating_d,Potential
Shortraker rockfish,eco_fish_rockfishshortraker_ccira_d,rockfishshortraker,Pelagicandmidwatertrawls,hu_co_pelagicfishing_pelagicandmidwatertrawls_d,Potential
Shortraker rockfish,eco_fish_rockfishshortraker_ccira_d,rockfishshortraker,SalmonTrollCom,hu_co_pelagicfishing_salmontrollcom_d,Negligible
Widow rockfish,eco_fish_rockfishwidow_ccira_d,rockfishwidow,BoatBasedCommWild,hu_re_boatbasedcommercialwildlifeviewing_boatbasedcommwild_d,Potential
Widow rockfish,eco_fish_rockfishwidow_ccira_d,rockfishwidow,BottomLongline,hu_co_demersalfishing_bottomlongline_d,Negligible
Widow rockfish,eco_fish_rockfishwidow_ccira_d,rockfishwidow,BottomTrawling,hu_co_demersalfishing_bottomtrawling_d,Higher Potential
Widow rockfish,eco_fish_rockfishwidow_ccira_d,rockfishwidow,FoodSocialCeremonial,hu_ih_indigenousharvest_foodsocialceremonial,Potential
Widow rockfish,eco_fish_rockfishwidow_ccira_d,rockfishwidow,LargeVesselsCargo,hu_tr_largevesselscargoandcruiseships_largevesselscargo_d,Potential
Widow rockfish,eco_fish_rockfishwidow_ccira_d,rockfishwidow,MotorizedRecBoating,hu_re_motorizedrecreationalboating_motorizedrecboating_d,Potential
Widow rockfish,eco_fish_rockfishwidow_ccira_d,rockfishwidow,Pelagicandmidwatertrawls,hu_co_pelagicfishing_pelagicandmidwatertrawls_d,Higher Potential
Shortspine Thornyhead,eco_fish_thornyheadshortspine_ccira_d,thornyheadshortspine,BoatBasedCommWild,hu_re_boatbasedcommercialwildlifeviewing_boatbasedcommwild_d,Potential
Shortspine Thornyhead,eco_fish_thornyheadshortspine_ccira_d,thornyheadshortspine,BottomLongline,hu_co_demersalfishing_bottomlongline_d,Negligible
Shortspine Thornyhead,eco_fish_thornyheadshortspine_ccira_d,thornyheadshortspine,BottomTrawling,hu_co_demersalfishing_bottomtrawling_d,Higher Potential
Shortspine Thornyhead,eco_fish_thornyheadshortspine_ccira_d,thornyheadshortspine,FoodSocialCeremonial,hu_ih_indigenousharvest_foodsocialceremonial,Potential
Shortspine Thornyhead,eco_fish_thornyheadshortspine_ccira_d,thornyheadshortspine,LargeVesselsCargo,hu_tr_largevesselscargoandcruiseships_largevesselscargo_d,Potential
Shortspine Thornyhead,eco_fish_thornyheadshortspine_ccira_d,thornyheadshortspine,MotorizedRecBoating,hu_re_motorizedrecreationalboating_motorizedrecboating_d,Potential
Shortspine Thornyhead,eco_fish_thornyheadshortspine_ccira_d,thornyheadshortspine,Pelagicandmidwatertrawls,hu_co_pelagicfishing_pelagicandmidwatertrawls_d,Potential
Shortspine Thornyhead,eco_fish_thornyheadshortspine_ccira_d,thornyheadshortspine,SableTrapCom,hu_co_demersalfishing_sabletrapcom_d,Potential
Humpback Whale,eco_mammals_humpbackwhale_density_d,humpbackwhale,InvertTrapComCRAB,hu_co_demersalfishing_inverttrapcom_d,Potential
Sea otter,eco_mammals_seaotter_ia_d,seaotter,InvertTrapComCRAB,hu_co_demersalfishing_inverttrapcom_d,Potential
Sea otter,eco_mammals_seaotter_modeledhabitat_d,seaotter,InvertTrapComCRAB,hu_co_demersalfishing_inverttrapcom_d,Potential
Eelgrass,eco_plants_eelgrass_biobands_d,eelgrass,InvertTrapComCRAB,hu_co_demersalfishing_inverttrapcom_d,Potential
Eelgrass,eco_plants_eelgrass_polygons_d,eelgrass,InvertTrapComCRAB,hu_co_demersalfishing_inverttrapcom_d,Potential
Eelgrass,eco_plants_eelgrass_prioritypolygons_d,eelgrass,InvertTrapComCRAB,hu_co_demersalfishing_inverttrapcom_d,Potential
Surfgrass,eco_plants_surfgrass_biobands_d,surfgrass,InvertTrapCom,hu_co_demersalfishing_inverttrapcom_d,Negligible
Ancient Murrelet,eco_birds_ancientmurrelet_colonies_d,ancientmurrelet,gillnetsComSALMON,hu_co_pelagicfishing_gillnetscom_d,Higher Potential
Brandt's cormorant,eco_birds_brandtscormorant_colonies_d,brandtscormorant,gillnetsComSALMON,hu_co_pelagicfishing_gillnetscom_d,Higher Potential
Cassin's Auklet,eco_birds_cassinsauklet_colonies_d,cassinsauklet,gillnetsComSALMON,hu_co_pelagicfishing_gillnetscom_d,Potential
Common Murre,eco_birds_commonmurre_colonies_d,commonmurre,gillnetsComSALMON,hu_co_pelagicfishing_gillnetscom_d,Higher Potential
Brandt's cormorant,eco_birds_cormorant_density_m,cormorant,gillnetsComSALMON,hu_co_pelagicfishing_gillnetscom_d,Higher Potential
Brandt's cormorant,eco_birds_cormorant_densitywinter_m,cormorant,gillnetsComSALMON,hu_co_pelagicfishing_gillnetscom_d,Higher Potential
Horned Puffin,eco_birds_hornedpuffin_colonies_d,hornedpuffin,gillnetsComSALMON,hu_co_pelagicfishing_gillnetscom_d,Higher Potential
Loon/Grebe,eco_birds_loongrebe_density_d,loongrebe,gillnetsComSALMON,hu_co_pelagicfishing_gillnetscom_d,Potential
Loon/Grebe,eco_birds_loongrebe_densitywinter_d,loongrebe,gillnetsComSALMON,hu_co_pelagicfishing_gillnetscom_d,Potential
Marbled Murrelet,eco_birds_mamu_density_d,mamu,gillnetsComSALMON,hu_co_pelagicfishing_gillnetscom_d,Higher Potential
Marbled Murrelet,eco_birds_mamu_densitywinter_d,mamu,gillnetsComSALMON,hu_co_pelagicfishing_gillnetscom_d,Higher Potential
Murres/Large Alcids,eco_birds_murrelgalcid_density_d,murrelgalcid,gillnetsComSALMON,hu_co_pelagicfishing_gillnetscom_d,Higher Potential
Murres/Large Alcids,eco_birds_murrelgalcid_densitywinter_d,murrelgalcid,gillnetsComSALMON,hu_co_pelagicfishing_gillnetscom_d,Higher Potential
Pelagic cormorant,eco_birds_pelagiccormorant_colonies_d,pelagiccormorant,gillnetsComSALMON,hu_co_pelagicfishing_gillnetscom_d,Potential
Storm Petrel,eco_birds_petrelphalarope_density_d,petrelphalarope,gillnetsComSALMON,hu_co_pelagicfishing_gillnetscom_d,Negligible
Pigeon Guillemot,eco_birds_pigeonguillemot_colonies_d,pigeonguillemot,gillnetsComSALMON,hu_co_pelagicfishing_gillnetscom_d,Potential
Pigeon Guillemot,eco_birds_pigeonguillemot_density_m,pigeonguillemot,gillnetsComSALMON,hu_co_pelagicfishing_gillnetscom_d,Potential
Puffins,eco_birds_puffin_density_d,puffin,gillnetsComSALMON,hu_co_pelagicfishing_gillnetscom_d,Higher Potential
Rhinoceros Auklet,eco_birds_rhinocerosauklet_colonies_d,rhinocerosauklet,gillnetsComSALMON,hu_co_pelagicfishing_gillnetscom_d,Higher Potential
"Duck, unspecified",eco_birds_seaduck_densitymoulting_d,seaduck,gillnetsComSALMON,hu_co_pelagicfishing_gillnetscom_d,Potential
"Duck, unspecified",eco_birds_seaduck_densitystaging_d,seaduck,gillnetsComSALMON,hu_co_pelagicfishing_gillnetscom_d,Potential
"Duck, unspecified",eco_birds_seaduck_densitywinter_d,seaduck,gillnetsComSALMON,hu_co_pelagicfishing_gillnetscom_d,Potential
"Duck, unspecified",eco_birds_seaduck_keysites_d,seaduck,gillnetsComSALMON,hu_co_pelagicfishing_gillnetscom_d,Potential
Shearwaters and Fulmars,eco_birds_shearwaterfulmar_density_d,shearwaterfulmar,gillnetsComSALMON,hu_co_pelagicfishing_gillnetscom_d,Higher Potential
Small Alcids,eco_birds_smallalcid_density_d,smallalcid,gillnetsComSALMON,hu_co_pelagicfishing_gillnetscom_d,Higher Potential
Small Alcids,eco_birds_smallalcid_densitywinter_d,smallalcid,gillnetsComSALMON,hu_co_pelagicfishing_gillnetscom_d,Higher Potential
Storm Petrel,eco_birds_stormpetrel_colonies_d,stormpetrel,gillnetsComSALMON,hu_co_pelagicfishing_gillnetscom_d,Negligible
Thick-billed Murre,eco_birds_thickbilledmurre_colonies_d,thickbilledmurre,gillnetsComSALMON,hu_co_pelagicfishing_gillnetscom_d,Higher Potential
Tufted Puffin,eco_birds_tuftedpuffin_colonies_d,tuftedpuffin,gillnetsComSALMON,hu_co_pelagicfishing_gillnetscom_d,Higher Potential
Green Sturgeon,eco_fish_sturgeon_ia_d,sturgeon,gillnetsComSALMON,hu_co_pelagicfishing_gillnetscom_d,Negligible
Harbour porpoise,eco_mammals_harbourporpoise_density_d,harbourporpoise,gillnetsComSALMON,hu_co_pelagicfishing_gillnetscom_d,Higher Potential
Humpback Whale,eco_mammals_humpbackwhale_ch_d,humpbackwhale,gillnetsComSALMON,hu_co_pelagicfishing_gillnetscom_d,Potential
Humpback Whale,eco_mammals_humpbackwhale_density_d,humpbackwhale,gillnetsComSALMON,hu_co_pelagicfishing_gillnetscom_d,Potential
Minke whale,eco_mammals_minkewhale_density_d,minkewhale,gillnetsComSALMON,hu_co_pelagicfishing_gillnetscom_d,Potential
Pacific salmon,eco_fish_salmon_biomass_d,salmon,PurseSeineHERRING,hu_co_pelagicfishing_purseseine_d,Potential
Chinook salmon,eco_fish_salmonchinook_diversity_d,salmonchinook,PurseSeineHERRING,hu_co_pelagicfishing_purseseine_d,Potential
Chum salmon,eco_fish_salmonchum_diversity_d,salmonchum,PurseSeineHERRING,hu_co_pelagicfishing_purseseine_d,Potential
Coho Salmon,eco_fish_salmoncoho_diversity_d,salmoncoho,PurseSeineHERRING,hu_co_pelagicfishing_purseseine_d,Potential
Pink salmon (even),eco_fish_salmonpinkeven_diversity_d,salmonpinkeven,PurseSeineHERRING,hu_co_pelagicfishing_purseseine_d,Potential
Pink salmon (odd),eco_fish_salmonpinkodd_diversity_d,salmonpinkodd,PurseSeineHERRING,hu_co_pelagicfishing_purseseine_d,Potential
Sockeye salmon,eco_fish_salmonsockeye_diversity_d,salmonsockeye,PurseSeineHERRING,hu_co_pelagicfishing_purseseine_d,Potential
Giant pacific octopus,eco_inverts_octopusgiantpacific_records_d,octopusgiantpacific,TrapRecPRAWN,hu_rf_demersalfishing_traprec_d,Potential
Sea pens,eco_inverts_pennatulacea_model_d,pennatulacea,TrapRecPRAWN,hu_rf_demersalfishing_traprec_d,Potential
Sea pens,eco_inverts_pennatulacea_trawlsyn_d,pennatulacea,TrapRecPRAWN,hu_rf_demersalfishing_traprec_d,Potential
Hexactinellida,eco_inverts_spongereef_polygons_m,spongereef,Seafloorelectricalcommscables,hu_ot_underwaterinfrastructure_seafloorelectricalcommscables_d,Potential
Hexactinellida,eco_inverts_spongereef_polygons_m,spongereef,TrapRecCRAB,hu_rf_demersalfishing_traprec_d,Higher Potential
Hexactinellida,eco_inverts_spongereef_polygons_m,spongereef,TrapRecPRAWN,hu_rf_demersalfishing_traprec_d,Higher Potential
Red Urchin,eco_inverts_urchinred_records_d,urchinred,SCUBADivefishingRecRSU,hu_rf_scubadivefishing_scubadivefishingrec_d,Potential